freq,SMA_S,SMA_L,Signal_Mw,num_trades,strat_multiple,bh_multiple,outperf_net,outperf,num_samples
5.0,5.0,20.0,5.0,78683.0,7.133,0.362,-0.362,6.771,474155.0
5.0,5.0,20.0,10.0,60463.0,27.241,0.362,-0.362,26.879,474155.0
5.0,5.0,20.0,15.0,53157.0,13.104,0.362,-0.362,12.742,474155.0
5.0,5.0,20.0,20.0,49229.0,2.488,0.362,-0.362,2.126,474155.0
5.0,5.0,20.0,25.0,46617.0,2.18,0.362,-0.362,1.818,474155.0
5.0,5.0,20.0,30.0,44755.0,1.709,0.362,-0.362,1.347,474155.0
5.0,5.0,20.0,35.0,43287.0,2.019,0.362,-0.362,1.657,474155.0
5.0,5.0,30.0,5.0,74477.0,5.034,0.362,-0.362,4.672,474155.0
5.0,5.0,30.0,10.0,56167.0,7.184,0.362,-0.362,6.822,474155.0
5.0,5.0,30.0,15.0,48603.0,2.569,0.362,-0.362,2.207,474155.0
5.0,5.0,30.0,20.0,44343.0,2.028,0.362,-0.362,1.666,474155.0
5.0,5.0,30.0,25.0,41527.0,1.359,0.362,-0.362,0.997,474155.0
5.0,5.0,30.0,30.0,39671.0,0.722,0.362,-0.362,0.36,474155.0
5.0,5.0,30.0,35.0,38213.0,0.386,0.362,-0.362,0.024,474155.0
5.0,5.0,40.0,5.0,72515.0,3.32,0.362,-0.362,2.958,474155.0
5.0,5.0,40.0,10.0,54017.0,2.232,0.362,-0.362,1.87,474155.0
5.0,5.0,40.0,15.0,46335.0,1.289,0.362,-0.362,0.927,474155.0
5.0,5.0,40.0,20.0,41697.0,1.462,0.362,-0.362,1.1,474155.0
5.0,5.0,40.0,25.0,39067.0,0.411,0.362,-0.362,0.049,474155.0
5.0,5.0,40.0,30.0,37005.0,0.313,0.362,-0.362,-0.049,474155.0
5.0,5.0,40.0,35.0,35283.0,0.612,0.362,-0.362,0.25,474155.0
5.0,5.0,50.0,5.0,71381.0,2.643,0.362,-0.362,2.281,474155.0
5.0,5.0,50.0,10.0,52837.0,1.546,0.362,-0.362,1.184,474155.0
5.0,5.0,50.0,15.0,44817.0,1.166,0.362,-0.362,0.804,474155.0
5.0,5.0,50.0,20.0,40299.0,0.582,0.362,-0.362,0.22,474155.0
5.0,5.0,50.0,25.0,37371.0,0.383,0.362,-0.362,0.021,474155.0
5.0,5.0,50.0,30.0,35189.0,0.456,0.362,-0.362,0.094,474155.0
5.0,5.0,50.0,35.0,33530.0,0.417,0.362,-0.362,0.055,474155.0
5.0,10.0,20.0,5.0,57123.0,18.176,0.362,-0.362,17.814,474155.0
5.0,10.0,20.0,10.0,43785.0,7.09,0.362,-0.362,6.728,474155.0
5.0,10.0,20.0,15.0,38089.0,5.367,0.362,-0.362,5.005,474155.0
5.0,10.0,20.0,20.0,34983.0,2.777,0.362,-0.362,2.415,474155.0
5.0,10.0,20.0,25.0,33049.0,3.759,0.362,-0.362,3.397,474155.0
5.0,10.0,20.0,30.0,31301.0,4.99,0.362,-0.362,4.628,474155.0
5.0,10.0,20.0,35.0,30151.0,2.963,0.362,-0.362,2.601,474155.0
5.0,10.0,30.0,5.0,52951.0,8.185,0.362,-0.362,7.823,474155.0
5.0,10.0,30.0,10.0,39879.0,3.905,0.362,-0.362,3.543,474155.0
5.0,10.0,30.0,15.0,34409.0,2.193,0.362,-0.362,1.831,474155.0
5.0,10.0,30.0,20.0,30993.0,4.313,0.362,-0.362,3.951,474155.0
5.0,10.0,30.0,25.0,28981.0,3.115,0.362,-0.362,2.753,474155.0
5.0,10.0,30.0,30.0,27642.0,1.342,0.362,-0.362,0.98,474155.0
5.0,10.0,30.0,35.0,26408.0,1.294,0.362,-0.362,0.932,474155.0
5.0,10.0,40.0,5.0,50969.0,3.214,0.362,-0.362,2.852,474155.0
5.0,10.0,40.0,10.0,38025.0,1.766,0.362,-0.362,1.404,474155.0
5.0,10.0,40.0,15.0,32399.0,2.68,0.362,-0.362,2.318,474155.0
5.0,10.0,40.0,20.0,28957.0,2.785,0.362,-0.362,2.423,474155.0
5.0,10.0,40.0,25.0,26970.0,1.29,0.362,-0.362,0.928,474155.0
5.0,10.0,40.0,30.0,25476.0,1.011,0.362,-0.362,0.649,474155.0
5.0,10.0,40.0,35.0,24240.0,1.215,0.362,-0.362,0.853,474155.0
5.0,10.0,50.0,5.0,49563.0,3.175,0.362,-0.362,2.813,474155.0
5.0,10.0,50.0,10.0,36867.0,1.262,0.362,-0.362,0.9,474155.0
5.0,10.0,50.0,15.0,31019.0,1.966,0.362,-0.362,1.604,474155.0
5.0,10.0,50.0,20.0,27860.0,0.73,0.362,-0.362,0.368,474155.0
5.0,10.0,50.0,25.0,25652.0,1.103,0.362,-0.362,0.741,474155.0
5.0,10.0,50.0,30.0,24056.0,0.85,0.362,-0.362,0.488,474155.0
5.0,10.0,50.0,35.0,22982.0,0.6,0.362,-0.362,0.238,474155.0
5.0,15.0,30.0,5.0,45077.0,2.99,0.362,-0.362,2.628,474155.0
5.0,15.0,30.0,10.0,33769.0,3.466,0.362,-0.362,3.104,474155.0
5.0,15.0,30.0,15.0,28673.0,4.795,0.362,-0.362,4.433,474155.0
5.0,15.0,30.0,20.0,25978.0,3.14,0.362,-0.362,2.778,474155.0
5.0,15.0,30.0,25.0,24074.0,2.209,0.362,-0.362,1.847,474155.0
5.0,15.0,30.0,30.0,22702.0,2.597,0.362,-0.362,2.235,474155.0
5.0,15.0,30.0,35.0,21848.0,1.479,0.362,-0.362,1.117,474155.0
5.0,15.0,40.0,5.0,43007.0,1.402,0.362,-0.362,1.04,474155.0
5.0,15.0,40.0,10.0,31715.0,3.58,0.362,-0.362,3.218,474155.0
5.0,15.0,40.0,15.0,26880.0,2.095,0.362,-0.362,1.733,474155.0
5.0,15.0,40.0,20.0,24104.0,1.691,0.362,-0.362,1.329,474155.0
5.0,15.0,40.0,25.0,22264.0,1.74,0.362,-0.362,1.378,474155.0
5.0,15.0,40.0,30.0,20990.0,0.856,0.362,-0.362,0.494,474155.0
5.0,15.0,40.0,35.0,20054.0,0.587,0.362,-0.362,0.225,474155.0
5.0,15.0,50.0,5.0,41525.0,1.298,0.362,-0.362,0.936,474155.0
5.0,15.0,50.0,10.0,30415.0,1.964,0.362,-0.362,1.602,474155.0
5.0,15.0,50.0,15.0,25720.0,1.297,0.362,-0.362,0.935,474155.0
5.0,15.0,50.0,20.0,22930.0,1.528,0.362,-0.362,1.166,474155.0
5.0,15.0,50.0,25.0,21128.0,0.898,0.362,-0.362,0.536,474155.0
5.0,15.0,50.0,30.0,19820.0,0.433,0.362,-0.362,0.071,474155.0
5.0,15.0,50.0,35.0,18836.0,0.472,0.362,-0.362,0.11,474155.0
5.0,20.0,30.0,5.0,40917.0,2.087,0.362,-0.362,1.725,474155.0
5.0,20.0,30.0,10.0,30083.0,5.644,0.362,-0.362,5.282,474155.0
5.0,20.0,30.0,15.0,25712.0,2.743,0.362,-0.362,2.381,474155.0
5.0,20.0,30.0,20.0,23080.0,1.567,0.362,-0.362,1.205,474155.0
5.0,20.0,30.0,25.0,21406.0,1.63,0.362,-0.362,1.268,474155.0
5.0,20.0,30.0,30.0,20274.0,1.085,0.362,-0.362,0.723,474155.0
5.0,20.0,30.0,35.0,19434.0,0.677,0.362,-0.362,0.315,474155.0
5.0,20.0,40.0,5.0,38363.0,1.262,0.362,-0.362,0.9,474155.0
5.0,20.0,40.0,10.0,28275.0,2.479,0.362,-0.362,2.117,474155.0
5.0,20.0,40.0,15.0,23918.0,1.42,0.362,-0.362,1.058,474155.0
5.0,20.0,40.0,20.0,21480.0,1.43,0.362,-0.362,1.068,474155.0
5.0,20.0,40.0,25.0,19824.0,0.607,0.362,-0.362,0.245,474155.0
5.0,20.0,40.0,30.0,18554.0,0.612,0.362,-0.362,0.25,474155.0
5.0,20.0,40.0,35.0,17654.0,0.45,0.362,-0.362,0.088,474155.0
5.0,20.0,50.0,5.0,36991.0,0.781,0.362,-0.362,0.419,474155.0
5.0,20.0,50.0,10.0,26992.0,1.199,0.362,-0.362,0.837,474155.0
5.0,20.0,50.0,15.0,22722.0,1.609,0.362,-0.362,1.247,474155.0
5.0,20.0,50.0,20.0,20298.0,0.906,0.362,-0.362,0.544,474155.0
5.0,20.0,50.0,25.0,18658.0,0.477,0.362,-0.362,0.115,474155.0
5.0,20.0,50.0,30.0,17480.0,0.417,0.362,-0.362,0.055,474155.0
5.0,20.0,50.0,35.0,16598.0,0.274,0.362,-0.362,-0.088,474155.0
5.0,25.0,40.0,5.0,35593.0,0.704,0.362,-0.362,0.342,474155.0
5.0,25.0,40.0,10.0,26080.0,1.236,0.362,-0.362,0.874,474155.0
5.0,25.0,40.0,15.0,21948.0,1.569,0.362,-0.362,1.207,474155.0
5.0,25.0,40.0,20.0,19700.0,0.587,0.362,-0.362,0.225,474155.0
5.0,25.0,40.0,25.0,18080.0,0.553,0.362,-0.362,0.191,474155.0
5.0,25.0,40.0,30.0,16942.0,0.449,0.362,-0.362,0.087,474155.0
5.0,25.0,40.0,35.0,16224.0,0.207,0.362,-0.362,-0.155,474155.0
5.0,25.0,50.0,5.0,34117.0,0.535,0.362,-0.362,0.173,474155.0
5.0,25.0,50.0,10.0,24874.0,1.177,0.362,-0.362,0.815,474155.0
5.0,25.0,50.0,15.0,20888.0,0.68,0.362,-0.362,0.318,474155.0
5.0,25.0,50.0,20.0,18564.0,0.496,0.362,-0.362,0.134,474155.0
5.0,25.0,50.0,25.0,17064.0,0.456,0.362,-0.362,0.094,474155.0
5.0,25.0,50.0,30.0,16032.0,0.232,0.362,-0.362,-0.13,474155.0
5.0,25.0,50.0,35.0,15202.0,0.327,0.362,-0.362,-0.035,474155.0
15.0,5.0,20.0,5.0,26392.0,0.557,0.354,-0.354,0.203,158053.0
15.0,5.0,20.0,10.0,20364.0,0.138,0.354,-0.354,-0.216,158053.0
15.0,5.0,20.0,15.0,18028.0,0.064,0.354,-0.354,-0.29,158053.0
15.0,5.0,20.0,20.0,16668.0,0.044,0.354,-0.354,-0.31,158053.0
15.0,5.0,20.0,25.0,15830.0,0.039,0.354,-0.354,-0.315,158053.0
15.0,5.0,20.0,30.0,15224.0,0.028,0.354,-0.354,-0.326,158053.0
15.0,5.0,20.0,35.0,14642.0,0.041,0.354,-0.354,-0.313,158053.0
15.0,5.0,30.0,5.0,24974.0,0.191,0.354,-0.354,-0.163,158053.0
15.0,5.0,30.0,10.0,18962.0,0.073,0.354,-0.354,-0.281,158053.0
15.0,5.0,30.0,15.0,16492.0,0.048,0.354,-0.354,-0.306,158053.0
15.0,5.0,30.0,20.0,15084.0,0.036,0.354,-0.354,-0.318,158053.0
15.0,5.0,30.0,25.0,13992.0,0.044,0.354,-0.354,-0.31,158053.0
15.0,5.0,30.0,30.0,13282.0,0.096,0.354,-0.354,-0.258,158053.0
15.0,5.0,30.0,35.0,12818.0,0.085,0.354,-0.354,-0.269,158053.0
15.0,5.0,40.0,5.0,24342.0,0.073,0.354,-0.354,-0.281,158053.0
15.0,5.0,40.0,10.0,18300.0,0.027,0.354,-0.354,-0.327,158053.0
15.0,5.0,40.0,15.0,15722.0,0.038,0.354,-0.354,-0.316,158053.0
15.0,5.0,40.0,20.0,14100.0,0.048,0.354,-0.354,-0.306,158053.0
15.0,5.0,40.0,25.0,13058.0,0.09,0.354,-0.354,-0.264,158053.0
15.0,5.0,40.0,30.0,12392.0,0.122,0.354,-0.354,-0.232,158053.0
15.0,5.0,40.0,35.0,11828.0,0.122,0.354,-0.354,-0.232,158053.0
15.0,5.0,50.0,5.0,23990.0,0.074,0.354,-0.354,-0.28,158053.0
15.0,5.0,50.0,10.0,17886.0,0.041,0.354,-0.354,-0.313,158053.0
15.0,5.0,50.0,15.0,15184.0,0.04,0.354,-0.354,-0.314,158053.0
15.0,5.0,50.0,20.0,13520.0,0.122,0.354,-0.354,-0.232,158053.0
15.0,5.0,50.0,25.0,12490.0,0.165,0.354,-0.354,-0.189,158053.0
15.0,5.0,50.0,30.0,11816.0,0.142,0.354,-0.354,-0.212,158053.0
15.0,5.0,50.0,35.0,11228.0,0.089,0.354,-0.354,-0.265,158053.0
15.0,10.0,20.0,5.0,19188.0,0.184,0.354,-0.354,-0.17,158053.0
15.0,10.0,20.0,10.0,14634.0,0.089,0.354,-0.354,-0.265,158053.0
15.0,10.0,20.0,15.0,12794.0,0.164,0.354,-0.354,-0.19,158053.0
15.0,10.0,20.0,20.0,11604.0,0.192,0.354,-0.354,-0.162,158053.0
15.0,10.0,20.0,25.0,10884.0,0.188,0.354,-0.354,-0.166,158053.0
15.0,10.0,20.0,30.0,10334.0,0.262,0.354,-0.354,-0.092,158053.0
15.0,10.0,20.0,35.0,9988.0,0.321,0.354,-0.354,-0.033,158053.0
15.0,10.0,30.0,5.0,17996.0,0.069,0.354,-0.354,-0.285,158053.0
15.0,10.0,30.0,10.0,13472.0,0.081,0.354,-0.354,-0.273,158053.0
15.0,10.0,30.0,15.0,11416.0,0.18,0.354,-0.354,-0.174,158053.0
15.0,10.0,30.0,20.0,10246.0,0.366,0.354,-0.354,0.012,158053.0
15.0,10.0,30.0,25.0,9568.0,0.238,0.354,-0.354,-0.116,158053.0
15.0,10.0,30.0,30.0,9122.0,0.189,0.354,-0.354,-0.165,158053.0
15.0,10.0,30.0,35.0,8846.0,0.116,0.354,-0.354,-0.238,158053.0
15.0,10.0,40.0,5.0,17330.0,0.027,0.354,-0.354,-0.327,158053.0
15.0,10.0,40.0,10.0,12720.0,0.089,0.354,-0.354,-0.265,158053.0
15.0,10.0,40.0,15.0,10700.0,0.213,0.354,-0.354,-0.141,158053.0
15.0,10.0,40.0,20.0,9650.0,0.246,0.354,-0.354,-0.108,158053.0
15.0,10.0,40.0,25.0,9020.0,0.117,0.354,-0.354,-0.237,158053.0
15.0,10.0,40.0,30.0,8510.0,0.064,0.354,-0.354,-0.29,158053.0
15.0,10.0,40.0,35.0,8130.0,0.069,0.354,-0.354,-0.285,158053.0
15.0,10.0,50.0,5.0,16920.0,0.042,0.354,-0.354,-0.312,158053.0
15.0,10.0,50.0,10.0,12318.0,0.139,0.354,-0.354,-0.215,158053.0
15.0,10.0,50.0,15.0,10288.0,0.314,0.354,-0.354,-0.04,158053.0
15.0,10.0,50.0,20.0,9248.0,0.201,0.354,-0.354,-0.153,158053.0
15.0,10.0,50.0,25.0,8532.0,0.075,0.354,-0.354,-0.279,158053.0
15.0,10.0,50.0,30.0,8030.0,0.066,0.354,-0.354,-0.288,158053.0
15.0,10.0,50.0,35.0,7660.0,0.058,0.354,-0.354,-0.296,158053.0
15.0,15.0,30.0,5.0,15280.0,0.043,0.354,-0.354,-0.311,158053.0
15.0,15.0,30.0,10.0,11172.0,0.187,0.354,-0.354,-0.167,158053.0
15.0,15.0,30.0,15.0,9552.0,0.412,0.354,-0.354,0.058,158053.0
15.0,15.0,30.0,20.0,8600.0,0.177,0.354,-0.354,-0.177,158053.0
15.0,15.0,30.0,25.0,8038.0,0.081,0.354,-0.354,-0.273,158053.0
15.0,15.0,30.0,30.0,7608.0,0.101,0.354,-0.354,-0.253,158053.0
15.0,15.0,30.0,35.0,7294.0,0.092,0.354,-0.354,-0.262,158053.0
15.0,15.0,40.0,5.0,14572.0,0.029,0.354,-0.354,-0.325,158053.0
15.0,15.0,40.0,10.0,10488.0,0.265,0.354,-0.354,-0.089,158053.0
15.0,15.0,40.0,15.0,8902.0,0.222,0.354,-0.354,-0.132,158053.0
15.0,15.0,40.0,20.0,8024.0,0.08,0.354,-0.354,-0.274,158053.0
15.0,15.0,40.0,25.0,7428.0,0.096,0.354,-0.354,-0.258,158053.0
15.0,15.0,40.0,30.0,7066.0,0.073,0.354,-0.354,-0.281,158053.0
15.0,15.0,40.0,35.0,6738.0,0.071,0.354,-0.354,-0.283,158053.0
15.0,15.0,50.0,5.0,14076.0,0.052,0.354,-0.354,-0.302,158053.0
15.0,15.0,50.0,10.0,10078.0,0.284,0.354,-0.354,-0.07,158053.0
15.0,15.0,50.0,15.0,8582.0,0.134,0.354,-0.354,-0.22,158053.0
15.0,15.0,50.0,20.0,7662.0,0.079,0.354,-0.354,-0.275,158053.0
15.0,15.0,50.0,25.0,7066.0,0.074,0.354,-0.354,-0.28,158053.0
15.0,15.0,50.0,30.0,6688.0,0.064,0.354,-0.354,-0.29,158053.0
15.0,15.0,50.0,35.0,6334.0,0.078,0.354,-0.354,-0.276,158053.0
15.0,20.0,30.0,5.0,13758.0,0.047,0.354,-0.354,-0.307,158053.0
15.0,20.0,30.0,10.0,9976.0,0.372,0.354,-0.354,0.018,158053.0
15.0,20.0,30.0,15.0,8524.0,0.211,0.354,-0.354,-0.143,158053.0
15.0,20.0,30.0,20.0,7722.0,0.079,0.354,-0.354,-0.275,158053.0
15.0,20.0,30.0,25.0,7212.0,0.071,0.354,-0.354,-0.283,158053.0
15.0,20.0,30.0,30.0,6762.0,0.086,0.354,-0.354,-0.268,158053.0
15.0,20.0,30.0,35.0,6422.0,0.112,0.354,-0.354,-0.242,158053.0
15.0,20.0,40.0,5.0,12906.0,0.08,0.354,-0.354,-0.274,158053.0
15.0,20.0,40.0,10.0,9398.0,0.235,0.354,-0.354,-0.119,158053.0
15.0,20.0,40.0,15.0,7942.0,0.079,0.354,-0.354,-0.275,158053.0
15.0,20.0,40.0,20.0,7136.0,0.092,0.354,-0.354,-0.262,158053.0
15.0,20.0,40.0,25.0,6560.0,0.087,0.354,-0.354,-0.267,158053.0
15.0,20.0,40.0,30.0,6168.0,0.109,0.354,-0.354,-0.245,158053.0
15.0,20.0,40.0,35.0,5876.0,0.142,0.354,-0.354,-0.212,158053.0
15.0,20.0,50.0,5.0,12416.0,0.126,0.354,-0.354,-0.228,158053.0
15.0,20.0,50.0,10.0,9048.0,0.173,0.354,-0.354,-0.181,158053.0
15.0,20.0,50.0,15.0,7570.0,0.093,0.354,-0.354,-0.261,158053.0
15.0,20.0,50.0,20.0,6778.0,0.079,0.354,-0.354,-0.275,158053.0
15.0,20.0,50.0,25.0,6156.0,0.164,0.354,-0.354,-0.19,158053.0
15.0,20.0,50.0,30.0,5830.0,0.196,0.354,-0.353,-0.158,158053.0
15.0,20.0,50.0,35.0,5482.0,0.283,0.354,-0.353,-0.071,158053.0
15.0,25.0,40.0,5.0,11872.0,0.195,0.354,-0.354,-0.159,158053.0
15.0,25.0,40.0,10.0,8698.0,0.121,0.354,-0.354,-0.233,158053.0
15.0,25.0,40.0,15.0,7310.0,0.094,0.354,-0.354,-0.26,158053.0
15.0,25.0,40.0,20.0,6522.0,0.096,0.354,-0.354,-0.258,158053.0
15.0,25.0,40.0,25.0,6010.0,0.17,0.354,-0.354,-0.184,158053.0
15.0,25.0,40.0,30.0,5618.0,0.202,0.354,-0.353,-0.152,158053.0
15.0,25.0,40.0,35.0,5344.0,0.272,0.354,-0.353,-0.082,158053.0
15.0,25.0,50.0,5.0,11398.0,0.115,0.354,-0.354,-0.239,158053.0
15.0,25.0,50.0,10.0,8268.0,0.078,0.354,-0.354,-0.276,158053.0
15.0,25.0,50.0,15.0,6974.0,0.074,0.354,-0.354,-0.28,158053.0
15.0,25.0,50.0,20.0,6142.0,0.155,0.354,-0.354,-0.199,158053.0
15.0,25.0,50.0,25.0,5644.0,0.251,0.354,-0.353,-0.103,158053.0
15.0,25.0,50.0,30.0,5254.0,0.279,0.354,-0.353,-0.075,158053.0
15.0,25.0,50.0,35.0,4960.0,0.318,0.354,-0.352,-0.036,158053.0
25.0,5.0,20.0,5.0,15938.0,0.031,0.36,-0.36,-0.329,94853.0
25.0,5.0,20.0,10.0,12258.0,0.049,0.36,-0.36,-0.311,94853.0
25.0,5.0,20.0,15.0,10664.0,0.185,0.36,-0.36,-0.175,94853.0
25.0,5.0,20.0,20.0,9886.0,0.184,0.36,-0.36,-0.176,94853.0
25.0,5.0,20.0,25.0,9324.0,0.175,0.36,-0.36,-0.185,94853.0
25.0,5.0,20.0,30.0,8974.0,0.131,0.36,-0.36,-0.229,94853.0
25.0,5.0,20.0,35.0,8728.0,0.17,0.36,-0.36,-0.19,94853.0
25.0,5.0,30.0,5.0,15260.0,0.02,0.36,-0.36,-0.34,94853.0
25.0,5.0,30.0,10.0,11342.0,0.147,0.36,-0.36,-0.213,94853.0
25.0,5.0,30.0,15.0,9788.0,0.189,0.36,-0.36,-0.171,94853.0
25.0,5.0,30.0,20.0,8896.0,0.152,0.36,-0.36,-0.208,94853.0
25.0,5.0,30.0,25.0,8420.0,0.126,0.36,-0.36,-0.234,94853.0
25.0,5.0,30.0,30.0,7974.0,0.104,0.36,-0.36,-0.256,94853.0
25.0,5.0,30.0,35.0,7582.0,0.156,0.36,-0.36,-0.204,94853.0
25.0,5.0,40.0,5.0,14814.0,0.066,0.36,-0.36,-0.294,94853.0
25.0,5.0,40.0,10.0,10952.0,0.203,0.36,-0.36,-0.157,94853.0
25.0,5.0,40.0,15.0,9324.0,0.184,0.36,-0.36,-0.176,94853.0
25.0,5.0,40.0,20.0,8506.0,0.094,0.36,-0.36,-0.266,94853.0
25.0,5.0,40.0,25.0,7820.0,0.106,0.36,-0.36,-0.254,94853.0
25.0,5.0,40.0,30.0,7322.0,0.179,0.36,-0.36,-0.181,94853.0
25.0,5.0,40.0,35.0,6948.0,0.351,0.36,-0.36,-0.009,94853.0
25.0,5.0,50.0,5.0,14586.0,0.066,0.36,-0.36,-0.294,94853.0
25.0,5.0,50.0,10.0,10660.0,0.26,0.36,-0.36,-0.1,94853.0
25.0,5.0,50.0,15.0,9052.0,0.164,0.36,-0.36,-0.196,94853.0
25.0,5.0,50.0,20.0,8082.0,0.086,0.36,-0.36,-0.274,94853.0
25.0,5.0,50.0,25.0,7396.0,0.265,0.36,-0.36,-0.095,94853.0
25.0,5.0,50.0,30.0,6962.0,0.374,0.36,-0.36,0.014,94853.0
25.0,5.0,50.0,35.0,6680.0,0.406,0.36,-0.359,0.046,94853.0
25.0,10.0,20.0,5.0,11506.0,0.094,0.36,-0.36,-0.266,94853.0
25.0,10.0,20.0,10.0,8658.0,0.393,0.36,-0.36,0.033,94853.0
25.0,10.0,20.0,15.0,7580.0,0.299,0.36,-0.36,-0.061,94853.0
25.0,10.0,20.0,20.0,6898.0,0.287,0.36,-0.36,-0.073,94853.0
25.0,10.0,20.0,25.0,6518.0,0.438,0.36,-0.359,0.078,94853.0
25.0,10.0,20.0,30.0,6286.0,0.438,0.36,-0.359,0.078,94853.0
25.0,10.0,20.0,35.0,6034.0,0.337,0.36,-0.359,-0.023,94853.0
25.0,10.0,30.0,5.0,10686.0,0.28,0.36,-0.36,-0.08,94853.0
25.0,10.0,30.0,10.0,7924.0,0.184,0.36,-0.36,-0.176,94853.0
25.0,10.0,30.0,15.0,6824.0,0.249,0.36,-0.36,-0.111,94853.0
25.0,10.0,30.0,20.0,6230.0,0.364,0.36,-0.359,0.004,94853.0
25.0,10.0,30.0,25.0,5720.0,0.406,0.36,-0.359,0.046,94853.0
25.0,10.0,30.0,30.0,5422.0,0.547,0.36,-0.358,0.187,94853.0
25.0,10.0,30.0,35.0,5268.0,0.286,0.36,-0.359,-0.074,94853.0
25.0,10.0,40.0,5.0,10310.0,0.241,0.36,-0.36,-0.119,94853.0
25.0,10.0,40.0,10.0,7584.0,0.161,0.36,-0.36,-0.199,94853.0
25.0,10.0,40.0,15.0,6514.0,0.231,0.36,-0.36,-0.129,94853.0
25.0,10.0,40.0,20.0,5738.0,0.443,0.36,-0.359,0.083,94853.0
25.0,10.0,40.0,25.0,5372.0,0.332,0.36,-0.358,-0.028,94853.0
25.0,10.0,40.0,30.0,5024.0,0.526,0.36,-0.357,0.166,94853.0
25.0,10.0,40.0,35.0,4754.0,0.81,0.36,-0.353,0.45,94853.0
25.0,10.0,50.0,5.0,9986.0,0.341,0.36,-0.36,-0.019,94853.0
25.0,10.0,50.0,10.0,7398.0,0.128,0.36,-0.36,-0.232,94853.0
25.0,10.0,50.0,15.0,6172.0,0.289,0.36,-0.359,-0.071,94853.0
25.0,10.0,50.0,20.0,5562.0,0.235,0.36,-0.359,-0.125,94853.0
25.0,10.0,50.0,25.0,5072.0,0.495,0.36,-0.357,0.135,94853.0
25.0,10.0,50.0,30.0,4736.0,0.886,0.36,-0.352,0.526,94853.0
25.0,10.0,50.0,35.0,4504.0,1.471,0.36,-0.344,1.111,94853.0
25.0,15.0,30.0,5.0,9064.0,0.162,0.36,-0.36,-0.198,94853.0
25.0,15.0,30.0,10.0,6708.0,0.306,0.36,-0.36,-0.054,94853.0
25.0,15.0,30.0,15.0,5734.0,0.502,0.36,-0.358,0.142,94853.0
25.0,15.0,30.0,20.0,5104.0,0.528,0.36,-0.357,0.168,94853.0
25.0,15.0,30.0,25.0,4786.0,0.425,0.36,-0.356,0.065,94853.0
25.0,15.0,30.0,30.0,4488.0,0.875,0.36,-0.35,0.515,94853.0
25.0,15.0,30.0,35.0,4278.0,1.273,0.36,-0.342,0.913,94853.0
25.0,15.0,40.0,5.0,8610.0,0.148,0.36,-0.36,-0.212,94853.0
25.0,15.0,40.0,10.0,6388.0,0.221,0.36,-0.36,-0.139,94853.0
25.0,15.0,40.0,15.0,5280.0,0.544,0.36,-0.357,0.184,94853.0
25.0,15.0,40.0,20.0,4776.0,0.351,0.36,-0.357,-0.009,94853.0
25.0,15.0,40.0,25.0,4376.0,0.741,0.36,-0.351,0.381,94853.0
25.0,15.0,40.0,30.0,4124.0,1.129,0.36,-0.342,0.769,94853.0
25.0,15.0,40.0,35.0,3952.0,1.127,0.36,-0.338,0.767,94853.0
25.0,15.0,50.0,5.0,8410.0,0.102,0.36,-0.36,-0.258,94853.0
25.0,15.0,50.0,10.0,6038.0,0.294,0.36,-0.359,-0.066,94853.0
25.0,15.0,50.0,15.0,5152.0,0.261,0.36,-0.358,-0.099,94853.0
25.0,15.0,50.0,20.0,4486.0,0.839,0.36,-0.351,0.479,94853.0
25.0,15.0,50.0,25.0,4176.0,0.846,0.36,-0.347,0.486,94853.0
25.0,15.0,50.0,30.0,3910.0,1.17,0.36,-0.337,0.81,94853.0
25.0,15.0,50.0,35.0,3720.0,1.923,0.36,-0.313,1.563,94853.0
25.0,20.0,30.0,5.0,8136.0,0.141,0.36,-0.36,-0.219,94853.0
25.0,20.0,30.0,10.0,6032.0,0.319,0.36,-0.359,-0.041,94853.0
25.0,20.0,30.0,15.0,5082.0,0.45,0.36,-0.357,0.09,94853.0
25.0,20.0,30.0,20.0,4584.0,0.62,0.36,-0.354,0.26,94853.0
25.0,20.0,30.0,25.0,4174.0,1.06,0.36,-0.344,0.7,94853.0
25.0,20.0,30.0,30.0,3934.0,1.091,0.36,-0.339,0.731,94853.0
25.0,20.0,30.0,35.0,3808.0,1.434,0.36,-0.328,1.074,94853.0
25.0,20.0,40.0,5.0,7776.0,0.114,0.36,-0.36,-0.246,94853.0
25.0,20.0,40.0,10.0,5570.0,0.714,0.36,-0.357,0.354,94853.0
25.0,20.0,40.0,15.0,4726.0,0.423,0.36,-0.356,0.063,94853.0
25.0,20.0,40.0,20.0,4204.0,0.927,0.36,-0.346,0.567,94853.0
25.0,20.0,40.0,25.0,3878.0,1.038,0.36,-0.339,0.678,94853.0
25.0,20.0,40.0,30.0,3672.0,1.548,0.36,-0.321,1.188,94853.0
25.0,20.0,40.0,35.0,3410.0,2.758,0.36,-0.269,2.398,94853.0
25.0,20.0,50.0,5.0,7424.0,0.162,0.36,-0.36,-0.198,94853.0
25.0,20.0,50.0,10.0,5412.0,0.263,0.36,-0.359,-0.097,94853.0
25.0,20.0,50.0,15.0,4454.0,0.797,0.36,-0.351,0.437,94853.0
25.0,20.0,50.0,20.0,3996.0,0.84,0.36,-0.345,0.48,94853.0
25.0,20.0,50.0,25.0,3672.0,1.515,0.36,-0.321,1.155,94853.0
25.0,20.0,50.0,30.0,3408.0,2.87,0.36,-0.265,2.51,94853.0
25.0,20.0,50.0,35.0,3214.0,4.579,0.36,-0.176,4.219,94853.0
25.0,25.0,40.0,5.0,7086.0,0.194,0.36,-0.36,-0.166,94853.0
25.0,25.0,40.0,10.0,5176.0,0.351,0.36,-0.358,-0.009,94853.0
25.0,25.0,40.0,15.0,4326.0,0.918,0.36,-0.348,0.558,94853.0
25.0,25.0,40.0,20.0,3874.0,1.002,0.36,-0.339,0.642,94853.0
25.0,25.0,40.0,25.0,3578.0,2.073,0.36,-0.302,1.713,94853.0
25.0,25.0,40.0,30.0,3258.0,3.986,0.36,-0.207,3.626,94853.0
25.0,25.0,40.0,35.0,3094.0,4.912,0.36,-0.137,4.552,94853.0
25.0,25.0,50.0,5.0,6794.0,0.236,0.36,-0.36,-0.124,94853.0
25.0,25.0,50.0,10.0,4876.0,0.744,0.36,-0.354,0.384,94853.0
25.0,25.0,50.0,15.0,4110.0,0.887,0.36,-0.345,0.527,94853.0
25.0,25.0,50.0,20.0,3652.0,1.627,0.36,-0.318,1.267,94853.0
25.0,25.0,50.0,25.0,3308.0,2.893,0.36,-0.254,2.533,94853.0
25.0,25.0,50.0,30.0,3034.0,5.879,0.36,-0.077,5.519,94853.0
25.0,25.0,50.0,35.0,2896.0,6.58,0.36,0.004,6.22,94853.0
35.0,5.0,20.0,5.0,11238.0,0.091,0.364,-0.364,-0.273,67758.0
35.0,5.0,20.0,10.0,8700.0,0.107,0.364,-0.364,-0.257,67758.0
35.0,5.0,20.0,15.0,7638.0,0.122,0.364,-0.364,-0.242,67758.0
35.0,5.0,20.0,20.0,6954.0,0.181,0.364,-0.364,-0.183,67758.0
35.0,5.0,20.0,25.0,6602.0,0.246,0.364,-0.364,-0.118,67758.0
35.0,5.0,20.0,30.0,6334.0,0.384,0.364,-0.363,0.02,67758.0
35.0,5.0,20.0,35.0,6122.0,0.476,0.364,-0.363,0.112,67758.0
35.0,5.0,30.0,5.0,10746.0,0.042,0.364,-0.364,-0.322,67758.0
35.0,5.0,30.0,10.0,8088.0,0.105,0.364,-0.364,-0.259,67758.0
35.0,5.0,30.0,15.0,6908.0,0.192,0.364,-0.364,-0.172,67758.0
35.0,5.0,30.0,20.0,6274.0,0.335,0.364,-0.363,-0.029,67758.0
35.0,5.0,30.0,25.0,5904.0,0.446,0.364,-0.363,0.082,67758.0
35.0,5.0,30.0,30.0,5580.0,0.385,0.364,-0.363,0.021,67758.0
35.0,5.0,30.0,35.0,5392.0,0.464,0.364,-0.362,0.1,67758.0
35.0,5.0,40.0,5.0,10480.0,0.057,0.364,-0.364,-0.307,67758.0
35.0,5.0,40.0,10.0,7752.0,0.135,0.364,-0.364,-0.229,67758.0
35.0,5.0,40.0,15.0,6526.0,0.31,0.364,-0.364,-0.054,67758.0
35.0,5.0,40.0,20.0,5938.0,0.349,0.364,-0.363,-0.015,67758.0
35.0,5.0,40.0,25.0,5502.0,0.318,0.364,-0.363,-0.046,67758.0
35.0,5.0,40.0,30.0,5220.0,0.57,0.364,-0.361,0.206,67758.0
35.0,5.0,40.0,35.0,4994.0,0.892,0.364,-0.358,0.528,67758.0
35.0,5.0,50.0,5.0,10360.0,0.066,0.364,-0.364,-0.298,67758.0
35.0,5.0,50.0,10.0,7600.0,0.153,0.364,-0.364,-0.211,67758.0
35.0,5.0,50.0,15.0,6352.0,0.342,0.364,-0.363,-0.022,67758.0
35.0,5.0,50.0,20.0,5712.0,0.282,0.364,-0.363,-0.082,67758.0
35.0,5.0,50.0,25.0,5296.0,0.433,0.364,-0.362,0.069,67758.0
35.0,5.0,50.0,30.0,4994.0,0.872,0.364,-0.358,0.508,67758.0
35.0,5.0,50.0,35.0,4714.0,2.869,0.364,-0.338,2.505,67758.0
35.0,10.0,20.0,5.0,8238.0,0.124,0.364,-0.364,-0.24,67758.0
35.0,10.0,20.0,10.0,6174.0,0.166,0.364,-0.364,-0.198,67758.0
35.0,10.0,20.0,15.0,5372.0,0.186,0.364,-0.363,-0.178,67758.0
35.0,10.0,20.0,20.0,4904.0,0.333,0.364,-0.362,-0.031,67758.0
35.0,10.0,20.0,25.0,4612.0,0.627,0.364,-0.358,0.263,67758.0
35.0,10.0,20.0,30.0,4386.0,1.146,0.364,-0.35,0.782,67758.0
35.0,10.0,20.0,35.0,4240.0,0.937,0.364,-0.351,0.573,67758.0
35.0,10.0,30.0,5.0,7616.0,0.129,0.364,-0.364,-0.235,67758.0
35.0,10.0,30.0,10.0,5604.0,0.302,0.364,-0.363,-0.062,67758.0
35.0,10.0,30.0,15.0,4870.0,0.342,0.364,-0.361,-0.022,67758.0
35.0,10.0,30.0,20.0,4354.0,0.753,0.364,-0.354,0.389,67758.0
35.0,10.0,30.0,25.0,4032.0,1.138,0.364,-0.344,0.774,67758.0
35.0,10.0,30.0,30.0,3870.0,0.874,0.364,-0.346,0.51,67758.0
35.0,10.0,30.0,35.0,3720.0,1.609,0.364,-0.325,1.245,67758.0
35.0,10.0,40.0,5.0,7328.0,0.148,0.364,-0.364,-0.216,67758.0
35.0,10.0,40.0,10.0,5362.0,0.299,0.364,-0.363,-0.065,67758.0
35.0,10.0,40.0,15.0,4534.0,0.933,0.364,-0.354,0.569,67758.0
35.0,10.0,40.0,20.0,4094.0,0.646,0.364,-0.353,0.282,67758.0
35.0,10.0,40.0,25.0,3794.0,1.031,0.364,-0.341,0.667,67758.0
35.0,10.0,40.0,30.0,3546.0,2.627,0.364,-0.288,2.263,67758.0
35.0,10.0,40.0,35.0,3294.0,8.655,0.364,-0.043,8.291,67758.0
35.0,10.0,50.0,5.0,7152.0,0.197,0.364,-0.364,-0.167,67758.0
35.0,10.0,50.0,10.0,5210.0,0.527,0.364,-0.361,0.163,67758.0
35.0,10.0,50.0,15.0,4394.0,0.594,0.364,-0.357,0.23,67758.0
35.0,10.0,50.0,20.0,3906.0,1.16,0.364,-0.341,0.796,67758.0
35.0,10.0,50.0,25.0,3572.0,2.387,0.364,-0.297,2.023,67758.0
35.0,10.0,50.0,30.0,3280.0,8.524,0.364,-0.043,8.16,67758.0
35.0,10.0,50.0,35.0,3144.0,4.876,0.364,-0.154,4.512,67758.0
35.0,15.0,30.0,5.0,6414.0,0.192,0.364,-0.364,-0.172,67758.0
35.0,15.0,30.0,10.0,4802.0,0.382,0.364,-0.361,0.018,67758.0
35.0,15.0,30.0,15.0,4030.0,0.712,0.364,-0.351,0.348,67758.0
35.0,15.0,30.0,20.0,3600.0,2.149,0.364,-0.305,1.785,67758.0
35.0,15.0,30.0,25.0,3336.0,4.515,0.364,-0.203,4.151,67758.0
35.0,15.0,30.0,30.0,3134.0,8.637,0.364,0.012,8.273,67758.0
35.0,15.0,30.0,35.0,2956.0,11.517,0.364,0.235,11.153,67758.0
35.0,15.0,40.0,5.0,6036.0,0.335,0.364,-0.363,-0.029,67758.0
35.0,15.0,40.0,10.0,4454.0,0.764,0.364,-0.355,0.4,67758.0
35.0,15.0,40.0,15.0,3782.0,0.949,0.364,-0.342,0.585,67758.0
35.0,15.0,40.0,20.0,3346.0,3.686,0.364,-0.234,3.322,67758.0
35.0,15.0,40.0,25.0,3006.0,10.767,0.364,0.169,10.403,67758.0
35.0,15.0,40.0,30.0,2858.0,9.333,0.364,0.172,8.969,67758.0
35.0,15.0,40.0,35.0,2742.0,12.258,0.364,0.426,11.894,67758.0
35.0,15.0,50.0,5.0,5872.0,0.263,0.364,-0.363,-0.101,67758.0
35.0,15.0,50.0,10.0,4308.0,0.692,0.364,-0.355,0.328,67758.0
35.0,15.0,50.0,15.0,3604.0,1.612,0.364,-0.32,1.248,67758.0
35.0,15.0,50.0,20.0,3100.0,6.966,0.364,-0.05,6.602,67758.0
35.0,15.0,50.0,25.0,2912.0,8.999,0.364,0.125,8.635,67758.0
35.0,15.0,50.0,30.0,2682.0,16.83,0.364,0.788,16.466,67758.0
35.0,15.0,50.0,35.0,2558.0,13.249,0.364,0.662,12.885,67758.0
35.0,20.0,30.0,5.0,5802.0,0.327,0.364,-0.363,-0.037,67758.0
35.0,20.0,30.0,10.0,4232.0,0.691,0.364,-0.354,0.327,67758.0
35.0,20.0,30.0,15.0,3552.0,2.521,0.364,-0.292,2.157,67758.0
35.0,20.0,30.0,20.0,3208.0,6.139,0.364,-0.116,5.775,67758.0
35.0,20.0,30.0,25.0,2900.0,7.976,0.364,0.075,7.612,67758.0
35.0,20.0,30.0,30.0,2722.0,9.537,0.364,0.263,9.173,67758.0
35.0,20.0,30.0,35.0,2628.0,14.665,0.364,0.695,14.301,67758.0
35.0,20.0,40.0,5.0,5440.0,0.356,0.364,-0.362,-0.008,67758.0
35.0,20.0,40.0,10.0,3982.0,0.605,0.364,-0.353,0.241,67758.0
35.0,20.0,40.0,15.0,3320.0,4.002,0.364,-0.219,3.638,67758.0
35.0,20.0,40.0,20.0,2892.0,11.007,0.364,0.247,10.643,67758.0
35.0,20.0,40.0,25.0,2662.0,14.165,0.364,0.625,13.801,67758.0
35.0,20.0,40.0,30.0,2542.0,18.551,0.364,1.096,18.187,67758.0
35.0,20.0,40.0,35.0,2386.0,21.065,0.364,1.574,20.701,67758.0
35.0,20.0,50.0,5.0,5202.0,0.488,0.364,-0.361,0.124,67758.0
35.0,20.0,50.0,10.0,3816.0,1.027,0.364,-0.341,0.663,67758.0
35.0,20.0,50.0,15.0,3068.0,7.996,0.364,0.008,7.632,67758.0
35.0,20.0,50.0,20.0,2764.0,11.65,0.364,0.37,11.286,67758.0
35.0,20.0,50.0,25.0,2528.0,20.284,0.364,1.255,19.92,67758.0
35.0,20.0,50.0,30.0,2368.0,13.468,0.364,0.898,13.104,67758.0
35.0,20.0,50.0,35.0,2258.0,14.307,0.364,1.132,13.943,67758.0
35.0,25.0,40.0,5.0,4986.0,0.689,0.364,-0.359,0.325,67758.0
35.0,25.0,40.0,10.0,3668.0,1.764,0.364,-0.319,1.4,67758.0
35.0,25.0,40.0,15.0,2980.0,10.786,0.364,0.184,10.422,67758.0
35.0,25.0,40.0,20.0,2648.0,12.598,0.364,0.528,12.234,67758.0
35.0,25.0,40.0,25.0,2458.0,27.415,0.364,1.983,27.051,67758.0
35.0,25.0,40.0,30.0,2298.0,18.901,0.364,1.535,18.537,67758.0
35.0,25.0,40.0,35.0,2202.0,14.842,0.364,1.277,14.478,67758.0
35.0,25.0,50.0,5.0,4868.0,0.493,0.364,-0.36,0.129,67758.0
35.0,25.0,50.0,10.0,3456.0,3.389,0.364,-0.257,3.025,67758.0
35.0,25.0,50.0,15.0,2860.0,9.249,0.364,0.166,8.885,67758.0
35.0,25.0,50.0,20.0,2508.0,19.107,0.364,1.192,18.743,67758.0
35.0,25.0,50.0,25.0,2308.0,14.701,0.364,1.098,14.337,67758.0
35.0,25.0,50.0,30.0,2162.0,16.785,0.364,1.568,16.421,67758.0
35.0,25.0,50.0,35.0,2010.0,35.442,0.364,4.385,35.078,67758.0
45.0,5.0,20.0,5.0,8786.0,0.046,0.367,-0.367,-0.321,52700.0
45.0,5.0,20.0,10.0,6830.0,0.085,0.367,-0.367,-0.282,52700.0
45.0,5.0,20.0,15.0,5898.0,0.173,0.367,-0.367,-0.194,52700.0
45.0,5.0,20.0,20.0,5492.0,0.15,0.367,-0.366,-0.217,52700.0
45.0,5.0,20.0,25.0,5108.0,0.446,0.367,-0.364,0.079,52700.0
45.0,5.0,20.0,30.0,4890.0,0.889,0.367,-0.36,0.522,52700.0
45.0,5.0,20.0,35.0,4746.0,1.018,0.367,-0.358,0.651,52700.0
45.0,5.0,30.0,5.0,8434.0,0.056,0.367,-0.367,-0.311,52700.0
45.0,5.0,30.0,10.0,6220.0,0.189,0.367,-0.367,-0.178,52700.0
45.0,5.0,30.0,15.0,5408.0,0.259,0.367,-0.366,-0.108,52700.0
45.0,5.0,30.0,20.0,4850.0,0.872,0.367,-0.36,0.505,52700.0
45.0,5.0,30.0,25.0,4524.0,1.307,0.367,-0.353,0.94,52700.0
45.0,5.0,30.0,30.0,4302.0,2.351,0.367,-0.335,1.984,52700.0
45.0,5.0,30.0,35.0,4088.0,3.759,0.367,-0.304,3.392,52700.0
45.0,5.0,40.0,5.0,8210.0,0.105,0.367,-0.367,-0.262,52700.0
45.0,5.0,40.0,10.0,6078.0,0.108,0.367,-0.367,-0.259,52700.0
45.0,5.0,40.0,15.0,5066.0,0.896,0.367,-0.361,0.529,52700.0
45.0,5.0,40.0,20.0,4532.0,1.664,0.367,-0.349,1.297,52700.0
45.0,5.0,40.0,25.0,4190.0,3.47,0.367,-0.314,3.103,52700.0
45.0,5.0,40.0,30.0,3938.0,5.057,0.367,-0.268,4.69,52700.0
45.0,5.0,40.0,35.0,3698.0,4.291,0.367,-0.261,3.924,52700.0
45.0,5.0,50.0,5.0,8080.0,0.13,0.367,-0.367,-0.237,52700.0
45.0,5.0,50.0,10.0,5872.0,0.338,0.367,-0.366,-0.029,52700.0
45.0,5.0,50.0,15.0,4952.0,1.014,0.367,-0.36,0.647,52700.0
45.0,5.0,50.0,20.0,4382.0,2.696,0.367,-0.333,2.329,52700.0
45.0,5.0,50.0,25.0,3982.0,3.621,0.367,-0.299,3.254,52700.0
45.0,5.0,50.0,30.0,3680.0,4.831,0.367,-0.245,4.464,52700.0
45.0,5.0,50.0,35.0,3534.0,4.177,0.367,-0.245,3.81,52700.0
45.0,10.0,20.0,5.0,6430.0,0.1,0.367,-0.367,-0.267,52700.0
45.0,10.0,20.0,10.0,4832.0,0.24,0.367,-0.365,-0.127,52700.0
45.0,10.0,20.0,15.0,4178.0,0.739,0.367,-0.356,0.372,52700.0
45.0,10.0,20.0,20.0,3776.0,1.705,0.367,-0.328,1.338,52700.0
45.0,10.0,20.0,25.0,3514.0,2.615,0.367,-0.289,2.248,52700.0
45.0,10.0,20.0,30.0,3376.0,3.363,0.367,-0.252,2.996,52700.0
45.0,10.0,20.0,35.0,3236.0,5.209,0.367,-0.162,4.842,52700.0
45.0,10.0,30.0,5.0,5876.0,0.115,0.367,-0.367,-0.252,52700.0
45.0,10.0,30.0,10.0,4344.0,0.75,0.367,-0.357,0.383,52700.0
45.0,10.0,30.0,15.0,3732.0,1.488,0.367,-0.331,1.121,52700.0
45.0,10.0,30.0,20.0,3326.0,3.948,0.367,-0.225,3.581,52700.0
45.0,10.0,30.0,25.0,3054.0,6.663,0.367,-0.053,6.296,52700.0
45.0,10.0,30.0,30.0,2916.0,6.509,0.367,-0.015,6.142,52700.0
45.0,10.0,30.0,35.0,2780.0,5.013,0.367,-0.056,4.646,52700.0
45.0,10.0,40.0,5.0,5788.0,0.123,0.367,-0.367,-0.244,52700.0
45.0,10.0,40.0,10.0,4144.0,0.862,0.367,-0.353,0.495,52700.0
45.0,10.0,40.0,15.0,3474.0,2.57,0.367,-0.287,2.203,52700.0
45.0,10.0,40.0,20.0,3092.0,5.982,0.367,-0.095,5.615,52700.0
45.0,10.0,40.0,25.0,2856.0,4.33,0.367,-0.118,3.963,52700.0
45.0,10.0,40.0,30.0,2670.0,8.653,0.367,0.232,8.286,52700.0
45.0,10.0,40.0,35.0,2532.0,10.407,0.367,0.46,10.04,52700.0
45.0,10.0,50.0,5.0,5512.0,0.491,0.367,-0.365,0.124,52700.0
45.0,10.0,50.0,10.0,3996.0,1.032,0.367,-0.348,0.665,52700.0
45.0,10.0,50.0,15.0,3300.0,5.933,0.367,-0.148,5.566,52700.0
45.0,10.0,50.0,20.0,2940.0,4.739,0.367,-0.116,4.372,52700.0
45.0,10.0,50.0,25.0,2698.0,7.626,0.367,0.147,7.259,52700.0
45.0,10.0,50.0,30.0,2510.0,9.351,0.367,0.393,8.984,52700.0
45.0,10.0,50.0,35.0,2398.0,10.88,0.367,0.622,10.513,52700.0
45.0,15.0,30.0,5.0,5008.0,0.36,0.367,-0.365,-0.007,52700.0
45.0,15.0,30.0,10.0,3650.0,1.616,0.367,-0.325,1.249,52700.0
45.0,15.0,30.0,15.0,3058.0,7.156,0.367,-0.031,6.789,52700.0
45.0,15.0,30.0,20.0,2756.0,7.362,0.367,0.101,6.995,52700.0
45.0,15.0,30.0,25.0,2550.0,13.682,0.367,0.701,13.315,52700.0
45.0,15.0,30.0,30.0,2412.0,11.939,0.367,0.703,11.572,52700.0
45.0,15.0,30.0,35.0,2296.0,11.623,0.367,0.803,11.256,52700.0
45.0,15.0,40.0,5.0,4694.0,0.743,0.367,-0.36,0.376,52700.0
45.0,15.0,40.0,10.0,3416.0,3.195,0.367,-0.262,2.828,52700.0
45.0,15.0,40.0,15.0,2854.0,7.408,0.367,0.06,7.041,52700.0
45.0,15.0,40.0,20.0,2550.0,11.764,0.367,0.552,11.397,52700.0
45.0,15.0,40.0,25.0,2350.0,11.126,0.367,0.694,10.759,52700.0
45.0,15.0,40.0,30.0,2194.0,14.889,0.367,1.293,14.522,52700.0
45.0,15.0,40.0,35.0,2072.0,26.919,0.367,3.023,26.552,52700.0
45.0,15.0,50.0,5.0,4572.0,0.931,0.367,-0.357,0.564,52700.0
45.0,15.0,50.0,10.0,3242.0,5.953,0.367,-0.134,5.586,52700.0
45.0,15.0,50.0,15.0,2702.0,5.798,0.367,0.022,5.431,52700.0
45.0,15.0,50.0,20.0,2476.0,8.306,0.367,0.331,7.939,52700.0
45.0,15.0,50.0,25.0,2238.0,11.486,0.367,0.858,11.119,52700.0
45.0,15.0,50.0,30.0,2044.0,21.61,0.367,2.432,21.243,52700.0
45.0,15.0,50.0,35.0,1910.0,24.709,0.367,3.292,24.342,52700.0
45.0,20.0,30.0,5.0,4456.0,0.985,0.367,-0.356,0.618,52700.0
45.0,20.0,30.0,10.0,3228.0,5.219,0.367,-0.16,4.852,52700.0
45.0,20.0,30.0,15.0,2734.0,7.73,0.367,0.135,7.363,52700.0
45.0,20.0,30.0,20.0,2432.0,15.663,0.367,1.009,15.296,52700.0
45.0,20.0,30.0,25.0,2270.0,13.239,0.367,1.001,12.872,52700.0
45.0,20.0,30.0,30.0,2132.0,25.059,0.367,2.605,24.692,52700.0
45.0,20.0,30.0,35.0,2042.0,41.047,0.367,4.96,40.68,52700.0
45.0,20.0,40.0,5.0,4192.0,1.399,0.367,-0.346,1.032,52700.0
45.0,20.0,40.0,10.0,2992.0,5.924,0.367,-0.07,5.557,52700.0
45.0,20.0,40.0,15.0,2528.0,11.754,0.367,0.571,11.387,52700.0
45.0,20.0,40.0,20.0,2250.0,12.268,0.367,0.926,11.901,52700.0
45.0,20.0,40.0,25.0,2080.0,30.049,0.367,3.387,29.682,52700.0
45.0,20.0,40.0,30.0,1908.0,36.576,0.367,5.06,36.209,52700.0
45.0,20.0,40.0,35.0,1774.0,29.235,0.367,4.593,28.868,52700.0
45.0,20.0,50.0,5.0,4000.0,3.446,0.367,-0.304,3.079,52700.0
45.0,20.0,50.0,10.0,2890.0,4.157,0.367,-0.136,3.79,52700.0
45.0,20.0,50.0,15.0,2462.0,7.655,0.367,0.286,7.288,52700.0
45.0,20.0,50.0,20.0,2128.0,20.544,0.367,2.079,20.177,52700.0
45.0,20.0,50.0,25.0,1898.0,28.215,0.367,3.862,27.848,52700.0
45.0,20.0,50.0,30.0,1748.0,32.39,0.367,5.273,32.023,52700.0
45.0,20.0,50.0,35.0,1702.0,14.736,0.367,2.32,14.369,52700.0
45.0,25.0,40.0,5.0,3838.0,2.285,0.367,-0.318,1.918,52700.0
45.0,25.0,40.0,10.0,2754.0,5.044,0.367,-0.046,4.677,52700.0
45.0,25.0,40.0,15.0,2320.0,10.096,0.367,0.625,9.729,52700.0
45.0,25.0,40.0,20.0,2064.0,31.967,0.367,3.691,31.6,52700.0
45.0,25.0,40.0,25.0,1850.0,43.914,0.367,6.538,43.547,52700.0
45.0,25.0,40.0,30.0,1718.0,24.63,0.367,4.052,24.263,52700.0
45.0,25.0,40.0,35.0,1670.0,14.294,0.367,2.324,13.927,52700.0
45.0,25.0,50.0,5.0,3634.0,4.563,0.367,-0.246,4.196,52700.0
45.0,25.0,50.0,10.0,2600.0,8.762,0.367,0.284,8.395,52700.0
45.0,25.0,50.0,15.0,2204.0,11.047,0.367,0.852,10.68,52700.0
45.0,25.0,50.0,20.0,1892.0,22.706,0.367,3.056,22.339,52700.0
45.0,25.0,50.0,25.0,1724.0,21.826,0.367,3.526,21.459,52700.0
45.0,25.0,50.0,30.0,1634.0,10.133,0.367,1.61,9.766,52700.0
45.0,25.0,50.0,35.0,1530.0,13.661,0.367,2.591,13.294,52700.0
55.0,5.0,20.0,5.0,7084.0,0.106,0.366,-0.366,-0.26,43126.0
55.0,5.0,20.0,10.0,5504.0,0.153,0.366,-0.365,-0.213,43126.0
55.0,5.0,20.0,15.0,4794.0,0.358,0.366,-0.363,-0.008,43126.0
55.0,5.0,20.0,20.0,4408.0,0.657,0.366,-0.358,0.291,43126.0
55.0,5.0,20.0,25.0,4172.0,1.715,0.366,-0.34,1.349,43126.0
55.0,5.0,20.0,30.0,3974.0,2.477,0.366,-0.319,2.111,43126.0
55.0,5.0,20.0,35.0,3802.0,4.051,0.366,-0.276,3.685,43126.0
55.0,5.0,30.0,5.0,6752.0,0.096,0.366,-0.366,-0.27,43126.0
55.0,5.0,30.0,10.0,5072.0,0.326,0.366,-0.364,-0.04,43126.0
55.0,5.0,30.0,15.0,4356.0,1.505,0.366,-0.347,1.139,43126.0
55.0,5.0,30.0,20.0,3926.0,3.441,0.366,-0.298,3.075,43126.0
55.0,5.0,30.0,25.0,3636.0,5.842,0.366,-0.212,5.476,43126.0
55.0,5.0,30.0,30.0,3486.0,6.206,0.366,-0.176,5.84,43126.0
55.0,5.0,30.0,35.0,3296.0,8.23,0.366,-0.061,7.864,43126.0
55.0,5.0,40.0,5.0,6634.0,0.102,0.366,-0.366,-0.264,43126.0
55.0,5.0,40.0,10.0,4848.0,0.92,0.366,-0.359,0.554,43126.0
55.0,5.0,40.0,15.0,4138.0,2.105,0.366,-0.332,1.739,43126.0
55.0,5.0,40.0,20.0,3666.0,4.851,0.366,-0.242,4.485,43126.0
55.0,5.0,40.0,25.0,3388.0,8.295,0.366,-0.086,7.929,43126.0
55.0,5.0,40.0,30.0,3196.0,5.163,0.366,-0.155,4.797,43126.0
55.0,5.0,40.0,35.0,3022.0,5.794,0.366,-0.084,5.428,43126.0
55.0,5.0,50.0,5.0,6484.0,0.223,0.366,-0.366,-0.143,43126.0
55.0,5.0,50.0,10.0,4692.0,2.173,0.366,-0.346,1.807,43126.0
55.0,5.0,50.0,15.0,3924.0,3.314,0.366,-0.301,2.948,43126.0
55.0,5.0,50.0,20.0,3514.0,7.629,0.366,-0.139,7.263,43126.0
55.0,5.0,50.0,25.0,3212.0,5.17,0.366,-0.158,4.804,43126.0
55.0,5.0,50.0,30.0,2972.0,5.775,0.366,-0.07,5.409,43126.0
55.0,5.0,50.0,35.0,2840.0,8.111,0.366,0.108,7.745,43126.0
55.0,10.0,20.0,5.0,5194.0,0.249,0.366,-0.365,-0.117,43126.0
55.0,10.0,20.0,10.0,3946.0,0.55,0.366,-0.355,0.184,43126.0
55.0,10.0,20.0,15.0,3328.0,5.47,0.366,-0.17,5.104,43126.0
55.0,10.0,20.0,20.0,2978.0,11.628,0.366,0.226,11.262,43126.0
55.0,10.0,20.0,25.0,2796.0,11.417,0.366,0.331,11.051,43126.0
55.0,10.0,20.0,30.0,2696.0,12.13,0.366,0.453,11.764,43126.0
55.0,10.0,20.0,35.0,2584.0,12.712,0.366,0.593,12.346,43126.0
55.0,10.0,30.0,5.0,4796.0,0.284,0.366,-0.364,-0.082,43126.0
55.0,10.0,30.0,10.0,3480.0,3.55,0.366,-0.257,3.184,43126.0
55.0,10.0,30.0,15.0,2932.0,12.943,0.366,0.324,12.577,43126.0
55.0,10.0,30.0,20.0,2678.0,12.603,0.366,0.5,12.237,43126.0
55.0,10.0,30.0,25.0,2474.0,16.896,0.366,1.057,16.53,43126.0
55.0,10.0,30.0,30.0,2336.0,15.497,0.366,1.133,15.131,43126.0
55.0,10.0,30.0,35.0,2252.0,15.767,0.366,1.293,15.401,43126.0
55.0,10.0,40.0,5.0,4572.0,0.83,0.366,-0.357,0.464,43126.0
55.0,10.0,40.0,10.0,3290.0,4.706,0.366,-0.191,4.34,43126.0
55.0,10.0,40.0,15.0,2802.0,12.4,0.366,0.387,12.034,43126.0
55.0,10.0,40.0,20.0,2494.0,15.369,0.366,0.903,15.003,43126.0
55.0,10.0,40.0,25.0,2298.0,14.663,0.366,1.107,14.297,43126.0
55.0,10.0,40.0,30.0,2106.0,20.985,0.366,2.188,20.619,43126.0
55.0,10.0,40.0,35.0,2022.0,19.641,0.366,2.234,19.275,43126.0
55.0,10.0,50.0,5.0,4448.0,2.542,0.366,-0.336,2.176,43126.0
55.0,10.0,50.0,10.0,3194.0,6.991,0.366,-0.079,6.625,43126.0
55.0,10.0,50.0,15.0,2664.0,10.183,0.366,0.343,9.817,43126.0
55.0,10.0,50.0,20.0,2380.0,12.201,0.366,0.763,11.835,43126.0
55.0,10.0,50.0,25.0,2114.0,21.685,0.366,2.253,21.319,43126.0
55.0,10.0,50.0,30.0,2000.0,18.702,0.366,2.165,18.336,43126.0
55.0,10.0,50.0,35.0,1918.0,12.46,0.366,1.464,12.094,43126.0
55.0,15.0,30.0,5.0,4004.0,1.146,0.366,-0.345,0.78,43126.0
55.0,15.0,30.0,10.0,2870.0,13.454,0.366,0.397,13.088,43126.0
55.0,15.0,30.0,15.0,2460.0,11.675,0.366,0.631,11.309,43126.0
55.0,15.0,30.0,20.0,2258.0,15.879,0.366,1.294,15.513,43126.0
55.0,15.0,30.0,25.0,2062.0,38.089,0.366,4.479,37.723,43126.0
55.0,15.0,30.0,30.0,1908.0,35.017,0.366,4.83,34.651,43126.0
55.0,15.0,30.0,35.0,1816.0,23.88,0.366,3.519,23.514,43126.0
55.0,15.0,40.0,5.0,3802.0,2.863,0.366,-0.302,2.497,43126.0
55.0,15.0,40.0,10.0,2750.0,11.429,0.366,0.365,11.063,43126.0
55.0,15.0,40.0,15.0,2292.0,19.8,0.366,1.635,19.434,43126.0
55.0,15.0,40.0,20.0,2066.0,21.047,0.366,2.3,20.681,43126.0
55.0,15.0,40.0,25.0,1846.0,27.589,0.366,3.989,27.223,43126.0
55.0,15.0,40.0,30.0,1742.0,18.744,0.366,2.917,18.378,43126.0
55.0,15.0,40.0,35.0,1658.0,18.512,0.366,3.161,18.146,43126.0
55.0,15.0,50.0,5.0,3680.0,2.644,0.366,-0.299,2.278,43126.0
55.0,15.0,50.0,10.0,2616.0,11.708,0.366,0.49,11.342,43126.0
55.0,15.0,50.0,15.0,2220.0,14.209,0.366,1.177,13.843,43126.0
55.0,15.0,50.0,20.0,1904.0,24.959,0.366,3.352,24.593,43126.0
55.0,15.0,50.0,25.0,1764.0,19.438,0.366,2.965,19.072,43126.0
55.0,15.0,50.0,30.0,1632.0,16.768,0.366,2.913,16.402,43126.0
55.0,15.0,50.0,35.0,1578.0,9.082,0.366,1.508,8.716,43126.0
55.0,20.0,30.0,5.0,3566.0,5.686,0.366,-0.205,5.32,43126.0
55.0,20.0,30.0,10.0,2612.0,12.217,0.366,0.531,11.851,43126.0
55.0,20.0,30.0,15.0,2224.0,16.857,0.366,1.457,16.491,43126.0
55.0,20.0,30.0,20.0,1962.0,33.444,0.366,4.335,33.078,43126.0
55.0,20.0,30.0,25.0,1788.0,43.424,0.366,6.899,43.058,43126.0
55.0,20.0,30.0,30.0,1678.0,22.647,0.366,3.863,22.281,43126.0
55.0,20.0,30.0,35.0,1614.0,17.723,0.366,3.163,17.357,43126.0
55.0,20.0,40.0,5.0,3398.0,5.733,0.366,-0.174,5.367,43126.0
55.0,20.0,40.0,10.0,2444.0,14.479,0.366,0.891,14.113,43126.0
55.0,20.0,40.0,15.0,2052.0,22.281,0.366,2.497,21.915,43126.0
55.0,20.0,40.0,20.0,1756.0,37.78,0.366,6.16,37.414,43126.0
55.0,20.0,40.0,25.0,1636.0,17.433,0.366,3.029,17.067,43126.0
55.0,20.0,40.0,30.0,1526.0,18.227,0.366,3.597,17.861,43126.0
55.0,20.0,40.0,35.0,1430.0,10.058,0.366,2.041,9.692,43126.0
55.0,20.0,50.0,5.0,3190.0,7.432,0.366,-0.06,7.066,43126.0
55.0,20.0,50.0,10.0,2310.0,14.874,0.366,1.11,14.508,43126.0
55.0,20.0,50.0,15.0,1892.0,28.416,0.366,3.918,28.05,43126.0
55.0,20.0,50.0,20.0,1670.0,14.684,0.366,2.398,14.318,43126.0
55.0,20.0,50.0,25.0,1522.0,18.126,0.366,3.59,17.76,43126.0
55.0,20.0,50.0,30.0,1428.0,8.419,0.366,1.653,8.053,43126.0
55.0,20.0,50.0,35.0,1392.0,2.855,0.366,0.344,2.489,43126.0
55.0,25.0,40.0,5.0,3056.0,8.165,0.366,0.018,7.799,43126.0
55.0,25.0,40.0,10.0,2240.0,14.066,0.366,1.131,13.7,43126.0
55.0,25.0,40.0,15.0,1814.0,26.294,0.366,3.92,25.928,43126.0
55.0,25.0,40.0,20.0,1624.0,16.715,0.366,2.929,16.349,43126.0
55.0,25.0,40.0,25.0,1474.0,14.581,0.366,2.973,14.215,43126.0
55.0,25.0,40.0,30.0,1390.0,9.063,0.366,1.891,8.697,43126.0
55.0,25.0,40.0,35.0,1366.0,3.248,0.366,0.463,2.882,43126.0
55.0,25.0,50.0,5.0,2928.0,7.142,0.366,0.016,6.776,43126.0
55.0,25.0,50.0,10.0,2076.0,20.983,0.366,2.266,20.617,43126.0
55.0,25.0,50.0,15.0,1740.0,17.071,0.366,2.63,16.705,43126.0
55.0,25.0,50.0,20.0,1512.0,18.503,0.366,3.713,18.137,43126.0
55.0,25.0,50.0,25.0,1412.0,5.976,0.366,1.09,5.61,43126.0
55.0,25.0,50.0,30.0,1340.0,1.903,0.366,0.132,1.537,43126.0
55.0,25.0,50.0,35.0,1284.0,1.408,0.366,0.024,1.042,43126.0
65.0,5.0,20.0,5.0,5982.0,0.121,0.368,-0.368,-0.247,36496.0
65.0,5.0,20.0,10.0,4666.0,0.339,0.368,-0.365,-0.029,36496.0
65.0,5.0,20.0,15.0,4038.0,0.906,0.368,-0.352,0.538,36496.0
65.0,5.0,20.0,20.0,3676.0,2.739,0.368,-0.299,2.371,36496.0
65.0,5.0,20.0,25.0,3488.0,5.51,0.368,-0.2,5.142,36496.0
65.0,5.0,20.0,30.0,3336.0,6.36,0.368,-0.142,5.992,36496.0
65.0,5.0,20.0,35.0,3176.0,9.413,0.368,0.025,9.045,36496.0
65.0,5.0,30.0,5.0,5710.0,0.173,0.368,-0.367,-0.195,36496.0
65.0,5.0,30.0,10.0,4302.0,0.655,0.368,-0.359,0.287,36496.0
65.0,5.0,30.0,15.0,3636.0,3.871,0.368,-0.266,3.503,36496.0
65.0,5.0,30.0,20.0,3302.0,6.328,0.368,-0.135,5.96,36496.0
65.0,5.0,30.0,25.0,3042.0,9.782,0.368,0.099,9.414,36496.0
65.0,5.0,30.0,30.0,2960.0,11.193,0.368,0.212,10.825,36496.0
65.0,5.0,30.0,35.0,2800.0,13.431,0.368,0.449,13.063,36496.0
65.0,5.0,40.0,5.0,5584.0,0.178,0.368,-0.367,-0.19,36496.0
65.0,5.0,40.0,10.0,4020.0,1.564,0.368,-0.34,1.196,36496.0
65.0,5.0,40.0,15.0,3436.0,4.424,0.368,-0.226,4.056,36496.0
65.0,5.0,40.0,20.0,3074.0,9.646,0.368,0.078,9.278,36496.0
65.0,5.0,40.0,25.0,2874.0,9.47,0.368,0.167,9.102,36496.0
65.0,5.0,40.0,30.0,2678.0,7.986,0.368,0.181,7.618,36496.0
65.0,5.0,40.0,35.0,2526.0,9.339,0.368,0.379,8.971,36496.0
65.0,5.0,50.0,5.0,5508.0,0.158,0.368,-0.367,-0.21,36496.0
65.0,5.0,50.0,10.0,3972.0,2.038,0.368,-0.33,1.67,36496.0
65.0,5.0,50.0,15.0,3336.0,5.037,0.368,-0.189,4.669,36496.0
65.0,5.0,50.0,20.0,2964.0,5.649,0.368,-0.076,5.281,36496.0
65.0,5.0,50.0,25.0,2722.0,4.624,0.368,-0.064,4.256,36496.0
65.0,5.0,50.0,30.0,2518.0,7.052,0.368,0.201,6.684,36496.0
65.0,5.0,50.0,35.0,2430.0,4.429,0.368,0.022,4.061,36496.0
65.0,10.0,20.0,5.0,4398.0,0.352,0.368,-0.364,-0.016,36496.0
65.0,10.0,20.0,10.0,3230.0,7.22,0.368,-0.082,6.852,36496.0
65.0,10.0,20.0,15.0,2784.0,10.049,0.368,0.253,9.681,36496.0
65.0,10.0,20.0,20.0,2506.0,24.042,0.368,1.594,23.674,36496.0
65.0,10.0,20.0,25.0,2354.0,19.254,0.368,1.461,18.886,36496.0
65.0,10.0,20.0,30.0,2258.0,22.237,0.368,1.957,21.869,36496.0
65.0,10.0,20.0,35.0,2166.0,21.078,0.368,2.048,20.71,36496.0
65.0,10.0,30.0,5.0,4036.0,0.911,0.368,-0.352,0.543,36496.0
65.0,10.0,30.0,10.0,2944.0,10.958,0.368,0.209,10.59,36496.0
65.0,10.0,30.0,15.0,2444.0,20.034,0.368,1.371,19.666,36496.0
65.0,10.0,30.0,20.0,2248.0,20.807,0.368,1.829,20.439,36496.0
65.0,10.0,30.0,25.0,2038.0,30.319,0.368,3.582,29.951,36496.0
65.0,10.0,30.0,30.0,1942.0,26.962,0.368,3.499,26.594,36496.0
65.0,10.0,30.0,35.0,1852.0,16.104,0.368,2.159,15.736,36496.0
65.0,10.0,40.0,5.0,3814.0,2.094,0.368,-0.322,1.726,36496.0
65.0,10.0,40.0,10.0,2716.0,19.656,0.368,0.932,19.288,36496.0
65.0,10.0,40.0,15.0,2348.0,16.853,0.368,1.242,16.485,36496.0
65.0,10.0,40.0,20.0,2042.0,28.686,0.368,3.355,28.318,36496.0
65.0,10.0,40.0,25.0,1904.0,17.201,0.368,2.194,16.833,36496.0
65.0,10.0,40.0,30.0,1814.0,9.271,0.368,1.143,8.903,36496.0
65.0,10.0,40.0,35.0,1696.0,7.619,0.368,1.029,7.251,36496.0
65.0,10.0,50.0,5.0,3752.0,1.878,0.368,-0.324,1.51,36496.0
65.0,10.0,50.0,10.0,2660.0,16.922,0.368,0.816,16.554,36496.0
65.0,10.0,50.0,15.0,2222.0,14.603,0.368,1.215,14.235,36496.0
65.0,10.0,50.0,20.0,1970.0,18.598,0.368,2.226,18.23,36496.0
65.0,10.0,50.0,25.0,1820.0,8.287,0.368,0.975,7.919,36496.0
65.0,10.0,50.0,30.0,1672.0,7.229,0.368,0.99,6.861,36496.0
65.0,10.0,50.0,35.0,1586.0,4.265,0.368,0.505,3.897,36496.0
65.0,15.0,30.0,5.0,3378.0,4.522,0.368,-0.214,4.154,36496.0
65.0,15.0,30.0,10.0,2392.0,20.415,0.368,1.499,20.047,36496.0
65.0,15.0,30.0,15.0,2044.0,45.879,0.368,5.574,45.511,36496.0
65.0,15.0,30.0,20.0,1850.0,57.757,0.368,8.713,57.389,36496.0
65.0,15.0,30.0,25.0,1704.0,22.271,0.368,3.684,21.903,36496.0
65.0,15.0,30.0,30.0,1612.0,10.905,0.368,1.807,10.537,36496.0
65.0,15.0,30.0,35.0,1494.0,8.685,0.368,1.581,8.317,36496.0
65.0,15.0,40.0,5.0,3172.0,10.08,0.368,0.055,9.712,36496.0
65.0,15.0,40.0,10.0,2282.0,21.493,0.368,1.826,21.125,36496.0
65.0,15.0,40.0,15.0,1892.0,48.427,0.368,6.933,48.059,36496.0
65.0,15.0,40.0,20.0,1714.0,11.697,0.368,1.739,11.329,36496.0
65.0,15.0,40.0,25.0,1546.0,9.798,0.368,1.72,9.43,36496.0
65.0,15.0,40.0,30.0,1470.0,4.135,0.368,0.583,3.767,36496.0
65.0,15.0,40.0,35.0,1416.0,2.506,0.368,0.24,2.138,36496.0
65.0,15.0,50.0,5.0,3078.0,9.388,0.368,0.064,9.02,36496.0
65.0,15.0,50.0,10.0,2176.0,15.672,0.368,1.411,15.304,36496.0
65.0,15.0,50.0,15.0,1814.0,19.275,0.368,2.774,18.907,36496.0
65.0,15.0,50.0,20.0,1610.0,11.499,0.368,1.931,11.131,36496.0
65.0,15.0,50.0,25.0,1472.0,3.658,0.368,0.471,3.29,36496.0
65.0,15.0,50.0,30.0,1408.0,1.576,0.368,0.018,1.208,36496.0
65.0,15.0,50.0,35.0,1352.0,1.08,0.368,-0.089,0.712,36496.0
65.0,20.0,30.0,5.0,2952.0,18.461,0.368,0.596,18.093,36496.0
65.0,20.0,30.0,10.0,2156.0,33.1,0.368,3.465,32.732,36496.0
65.0,20.0,30.0,15.0,1828.0,52.156,0.368,8.015,51.788,36496.0
65.0,20.0,30.0,20.0,1658.0,20.051,0.368,3.452,19.683,36496.0
65.0,20.0,30.0,25.0,1500.0,8.165,0.368,1.454,7.797,36496.0
65.0,20.0,30.0,30.0,1404.0,5.418,0.368,0.963,5.05,36496.0
65.0,20.0,30.0,35.0,1366.0,2.841,0.368,0.357,2.473,36496.0
65.0,20.0,40.0,5.0,2804.0,13.47,0.368,0.448,13.102,36496.0
65.0,20.0,40.0,10.0,1984.0,28.629,0.368,3.569,28.261,36496.0
65.0,20.0,40.0,15.0,1686.0,12.496,0.368,1.947,12.128,36496.0
65.0,20.0,40.0,20.0,1472.0,9.274,0.368,1.76,8.906,36496.0
65.0,20.0,40.0,25.0,1374.0,3.011,0.368,0.394,2.643,36496.0
65.0,20.0,40.0,30.0,1322.0,1.771,0.368,0.104,1.403,36496.0
65.0,20.0,40.0,35.0,1266.0,1.252,0.368,-0.015,0.884,36496.0
65.0,20.0,50.0,5.0,2750.0,10.058,0.368,0.275,9.69,36496.0
65.0,20.0,50.0,10.0,1916.0,18.717,0.368,2.387,18.349,36496.0
65.0,20.0,50.0,15.0,1594.0,10.649,0.368,1.795,10.281,36496.0
65.0,20.0,50.0,20.0,1436.0,4.508,0.368,0.704,4.14,36496.0
65.0,20.0,50.0,25.0,1328.0,1.427,0.368,0.01,1.059,36496.0
65.0,20.0,50.0,30.0,1266.0,0.925,0.368,-0.107,0.557,36496.0
65.0,20.0,50.0,35.0,1182.0,0.943,0.368,-0.079,0.575,36496.0
65.0,25.0,40.0,5.0,2620.0,12.906,0.368,0.572,12.538,36496.0
65.0,25.0,40.0,10.0,1834.0,18.214,0.368,2.542,17.846,36496.0
65.0,25.0,40.0,15.0,1522.0,8.269,0.368,1.437,7.901,36496.0
65.0,25.0,40.0,20.0,1370.0,2.583,0.368,0.288,2.215,36496.0
65.0,25.0,40.0,25.0,1290.0,1.335,0.368,0.0,0.967,36496.0
65.0,25.0,40.0,30.0,1226.0,1.015,0.368,-0.07,0.647,36496.0
65.0,25.0,40.0,35.0,1156.0,0.81,0.368,-0.113,0.442,36496.0
65.0,25.0,50.0,5.0,2466.0,7.252,0.368,0.248,6.884,36496.0
65.0,25.0,50.0,10.0,1760.0,10.294,0.368,1.403,9.926,36496.0
65.0,25.0,50.0,15.0,1468.0,4.211,0.368,0.602,3.843,36496.0
65.0,25.0,50.0,20.0,1322.0,1.459,0.368,0.021,1.091,36496.0
65.0,25.0,50.0,25.0,1238.0,1.076,0.368,-0.056,0.708,36496.0
65.0,25.0,50.0,30.0,1162.0,0.852,0.368,-0.101,0.484,36496.0
65.0,25.0,50.0,35.0,1106.0,0.629,0.368,-0.16,0.261,36496.0
75.0,5.0,20.0,5.0,5216.0,0.223,0.365,-0.364,-0.142,31631.0
75.0,5.0,20.0,10.0,3928.0,1.884,0.365,-0.328,1.519,31631.0
75.0,5.0,20.0,15.0,3430.0,5.112,0.365,-0.199,4.747,31631.0
75.0,5.0,20.0,20.0,3102.0,7.872,0.365,-0.011,7.507,31631.0
75.0,5.0,20.0,25.0,2962.0,8.223,0.365,0.06,7.858,31631.0
75.0,5.0,20.0,30.0,2872.0,6.884,0.365,0.025,6.519,31631.0
75.0,5.0,20.0,35.0,2726.0,8.415,0.365,0.186,8.05,31631.0
75.0,5.0,30.0,5.0,4920.0,0.397,0.365,-0.362,0.032,31631.0
75.0,5.0,30.0,10.0,3662.0,2.962,0.365,-0.289,2.597,31631.0
75.0,5.0,30.0,15.0,3098.0,5.2,0.365,-0.13,4.835,31631.0
75.0,5.0,30.0,20.0,2840.0,9.046,0.365,0.164,8.681,31631.0
75.0,5.0,30.0,25.0,2580.0,16.524,0.365,0.887,16.159,31631.0
75.0,5.0,30.0,30.0,2442.0,17.258,0.365,1.136,16.893,31631.0
75.0,5.0,30.0,35.0,2364.0,6.235,0.365,0.221,5.87,31631.0
75.0,5.0,40.0,5.0,4798.0,1.237,0.365,-0.355,0.872,31631.0
75.0,5.0,40.0,10.0,3514.0,4.017,0.365,-0.245,3.652,31631.0
75.0,5.0,40.0,15.0,2952.0,6.906,0.365,-0.004,6.541,31631.0
75.0,5.0,40.0,20.0,2584.0,16.058,0.365,0.847,15.693,31631.0
75.0,5.0,40.0,25.0,2418.0,6.971,0.365,0.256,6.606,31631.0
75.0,5.0,40.0,30.0,2288.0,5.354,0.365,0.178,4.989,31631.0
75.0,5.0,40.0,35.0,2176.0,5.557,0.365,0.266,5.192,31631.0
75.0,5.0,50.0,5.0,4780.0,1.005,0.365,-0.357,0.64,31631.0
75.0,5.0,50.0,10.0,3448.0,2.925,0.365,-0.272,2.56,31631.0
75.0,5.0,50.0,15.0,2804.0,8.999,0.365,0.18,8.634,31631.0
75.0,5.0,50.0,20.0,2536.0,10.032,0.365,0.429,9.667,31631.0
75.0,5.0,50.0,25.0,2328.0,4.785,0.365,0.101,4.42,31631.0
75.0,5.0,50.0,30.0,2166.0,5.411,0.365,0.255,5.046,31631.0
75.0,5.0,50.0,35.0,2040.0,3.972,0.365,0.151,3.607,31631.0
75.0,10.0,20.0,5.0,3722.0,1.756,0.365,-0.323,1.391,31631.0
75.0,10.0,20.0,10.0,2782.0,16.277,0.365,0.643,15.912,31631.0
75.0,10.0,20.0,15.0,2366.0,42.301,0.365,3.605,41.936,31631.0
75.0,10.0,20.0,20.0,2152.0,25.664,0.365,2.618,25.299,31631.0
75.0,10.0,20.0,25.0,2060.0,34.242,0.365,3.999,33.877,31631.0
75.0,10.0,20.0,30.0,1916.0,29.12,0.365,3.921,28.755,31631.0
75.0,10.0,20.0,35.0,1826.0,15.619,0.365,2.151,15.254,31631.0
75.0,10.0,30.0,5.0,3424.0,4.143,0.365,-0.23,3.778,31631.0
75.0,10.0,30.0,10.0,2494.0,29.395,0.365,2.062,29.03,31631.0
75.0,10.0,30.0,15.0,2150.0,29.556,0.365,3.078,29.191,31631.0
75.0,10.0,30.0,20.0,1906.0,24.338,0.365,3.253,23.973,31631.0
75.0,10.0,30.0,25.0,1782.0,12.621,0.365,1.759,12.256,31631.0
75.0,10.0,30.0,30.0,1662.0,13.415,0.365,2.181,13.05,31631.0
75.0,10.0,30.0,35.0,1606.0,5.678,0.365,0.774,5.313,31631.0
75.0,10.0,40.0,5.0,3250.0,6.061,0.365,-0.13,5.696,31631.0
75.0,10.0,40.0,10.0,2410.0,18.005,0.365,1.252,17.64,31631.0
75.0,10.0,40.0,15.0,1962.0,16.655,0.365,1.976,16.29,31631.0
75.0,10.0,40.0,20.0,1766.0,11.039,0.365,1.523,10.674,31631.0
75.0,10.0,40.0,25.0,1624.0,6.692,0.365,0.954,6.327,31631.0
75.0,10.0,40.0,30.0,1550.0,3.472,0.365,0.372,3.107,31631.0
75.0,10.0,40.0,35.0,1478.0,2.214,0.365,0.14,1.849,31631.0
75.0,10.0,50.0,5.0,3230.0,3.531,0.365,-0.225,3.166,31631.0
75.0,10.0,50.0,10.0,2282.0,16.999,0.365,1.37,16.634,31631.0
75.0,10.0,50.0,15.0,1920.0,14.751,0.365,1.798,14.386,31631.0
75.0,10.0,50.0,20.0,1662.0,6.964,0.365,0.956,6.599,31631.0
75.0,10.0,50.0,25.0,1570.0,2.839,0.365,0.226,2.474,31631.0
75.0,10.0,50.0,30.0,1490.0,1.558,0.365,-0.014,1.193,31631.0
75.0,10.0,50.0,35.0,1402.0,1.269,0.365,-0.053,0.904,31631.0
75.0,15.0,30.0,5.0,2860.0,10.602,0.365,0.242,10.237,31631.0
75.0,15.0,30.0,10.0,2106.0,26.34,0.365,2.841,25.975,31631.0
75.0,15.0,30.0,15.0,1752.0,26.434,0.365,4.219,26.069,31631.0
75.0,15.0,30.0,20.0,1596.0,17.669,0.365,3.217,17.304,31631.0
75.0,15.0,30.0,25.0,1440.0,6.579,0.365,1.194,6.214,31631.0
75.0,15.0,30.0,30.0,1412.0,2.512,0.365,0.247,2.147,31631.0
75.0,15.0,30.0,35.0,1368.0,1.704,0.365,0.069,1.339,31631.0
75.0,15.0,40.0,5.0,2748.0,12.294,0.365,0.422,11.929,31631.0
75.0,15.0,40.0,10.0,1924.0,18.342,0.365,2.313,17.977,31631.0
75.0,15.0,40.0,15.0,1636.0,15.594,0.365,2.672,15.229,31631.0
75.0,15.0,40.0,20.0,1490.0,4.14,0.365,0.568,3.775,31631.0
75.0,15.0,40.0,25.0,1390.0,2.319,0.365,0.213,1.954,31631.0
75.0,15.0,40.0,30.0,1334.0,1.207,0.365,-0.047,0.842,31631.0
75.0,15.0,40.0,35.0,1260.0,1.299,0.365,0.003,0.934,31631.0
75.0,15.0,50.0,5.0,2610.0,10.064,0.365,0.375,9.699,31631.0
75.0,15.0,50.0,10.0,1892.0,13.356,0.365,1.649,12.991,31631.0
75.0,15.0,50.0,15.0,1570.0,4.868,0.365,0.648,4.503,31631.0
75.0,15.0,50.0,20.0,1442.0,2.03,0.365,0.115,1.665,31631.0
75.0,15.0,50.0,25.0,1334.0,1.114,0.365,-0.072,0.749,31631.0
75.0,15.0,50.0,30.0,1248.0,1.202,0.365,-0.02,0.837,31631.0
75.0,15.0,50.0,35.0,1192.0,1.233,0.365,0.009,0.868,31631.0
75.0,20.0,30.0,5.0,2596.0,12.598,0.365,0.574,12.233,31631.0
75.0,20.0,30.0,10.0,1842.0,26.415,0.365,3.822,26.05,31631.0
75.0,20.0,30.0,15.0,1566.0,16.731,0.365,3.13,16.366,31631.0
75.0,20.0,30.0,20.0,1410.0,5.973,0.365,1.093,5.608,31631.0
75.0,20.0,30.0,25.0,1324.0,2.335,0.365,0.256,1.97,31631.0
75.0,20.0,30.0,30.0,1270.0,1.314,0.365,0.004,0.949,31631.0
75.0,20.0,30.0,35.0,1210.0,1.007,0.365,-0.065,0.642,31631.0
75.0,20.0,40.0,5.0,2362.0,13.753,0.365,0.931,13.388,31631.0
75.0,20.0,40.0,10.0,1736.0,9.281,0.365,1.271,8.916,31631.0
75.0,20.0,40.0,15.0,1460.0,4.329,0.365,0.64,3.964,31631.0
75.0,20.0,40.0,20.0,1336.0,1.802,0.365,0.109,1.437,31631.0
75.0,20.0,40.0,25.0,1248.0,1.299,0.365,0.008,0.934,31631.0
75.0,20.0,40.0,30.0,1172.0,0.642,0.365,-0.166,0.277,31631.0
75.0,20.0,40.0,35.0,1116.0,0.652,0.365,-0.151,0.287,31631.0
75.0,20.0,50.0,5.0,2286.0,9.068,0.365,0.557,8.703,31631.0
75.0,20.0,50.0,10.0,1636.0,6.337,0.365,0.869,5.972,31631.0
75.0,20.0,50.0,15.0,1430.0,1.716,0.365,0.046,1.351,31631.0
75.0,20.0,50.0,20.0,1274.0,1.587,0.365,0.079,1.222,31631.0
75.0,20.0,50.0,25.0,1180.0,0.888,0.365,-0.092,0.523,31631.0
75.0,20.0,50.0,30.0,1110.0,0.63,0.365,-0.157,0.265,31631.0
75.0,20.0,50.0,35.0,1070.0,0.817,0.365,-0.085,0.452,31631.0
75.0,25.0,40.0,5.0,2184.0,7.751,0.365,0.508,7.386,31631.0
75.0,25.0,40.0,10.0,1582.0,6.161,0.365,0.901,5.796,31631.0
75.0,25.0,40.0,15.0,1376.0,1.743,0.365,0.075,1.378,31631.0
75.0,25.0,40.0,20.0,1238.0,1.396,0.365,0.04,1.031,31631.0
75.0,25.0,40.0,25.0,1158.0,0.563,0.365,-0.188,0.198,31631.0
75.0,25.0,40.0,30.0,1082.0,0.571,0.365,-0.171,0.206,31631.0
75.0,25.0,40.0,35.0,1054.0,0.734,0.365,-0.109,0.369,31631.0
75.0,25.0,50.0,5.0,2074.0,10.77,0.365,0.989,10.405,31631.0
75.0,25.0,50.0,10.0,1530.0,2.932,0.365,0.27,2.567,31631.0
75.0,25.0,50.0,15.0,1300.0,1.242,0.365,-0.027,0.877,31631.0
75.0,25.0,50.0,20.0,1174.0,0.845,0.365,-0.104,0.48,31631.0
75.0,25.0,50.0,25.0,1092.0,0.657,0.365,-0.145,0.292,31631.0
75.0,25.0,50.0,30.0,1040.0,0.828,0.365,-0.072,0.463,31631.0
75.0,25.0,50.0,35.0,972.0,0.871,0.365,-0.035,0.506,31631.0
85.0,5.0,20.0,5.0,4604.0,0.973,0.364,-0.354,0.609,27915.0
85.0,5.0,20.0,10.0,3438.0,2.54,0.364,-0.282,2.176,27915.0
85.0,5.0,20.0,15.0,2962.0,9.547,0.364,0.13,9.183,27915.0
85.0,5.0,20.0,20.0,2712.0,14.396,0.364,0.592,14.032,27915.0
85.0,5.0,20.0,25.0,2574.0,22.198,0.364,1.328,21.834,27915.0
85.0,5.0,20.0,30.0,2480.0,14.708,0.364,0.868,14.344,27915.0
85.0,5.0,20.0,35.0,2370.0,19.887,0.364,1.495,19.523,27915.0
85.0,5.0,30.0,5.0,4320.0,1.042,0.364,-0.35,0.678,27915.0
85.0,5.0,30.0,10.0,3184.0,4.111,0.364,-0.194,3.747,27915.0
85.0,5.0,30.0,15.0,2698.0,17.911,0.364,0.842,17.547,27915.0
85.0,5.0,30.0,20.0,2452.0,17.623,0.364,1.154,17.259,27915.0
85.0,5.0,30.0,25.0,2280.0,15.368,0.364,1.208,15.004,27915.0
85.0,5.0,30.0,30.0,2156.0,11.794,0.364,1.002,11.43,27915.0
85.0,5.0,30.0,35.0,2066.0,9.858,0.364,0.885,9.494,27915.0
85.0,5.0,40.0,5.0,4192.0,1.361,0.364,-0.343,0.997,27915.0
85.0,5.0,40.0,10.0,3046.0,7.771,0.364,0.006,7.407,27915.0
85.0,5.0,40.0,15.0,2564.0,13.33,0.364,0.662,12.966,27915.0
85.0,5.0,40.0,20.0,2302.0,13.611,0.364,0.998,13.247,27915.0
85.0,5.0,40.0,25.0,2118.0,9.215,0.364,0.744,8.851,27915.0
85.0,5.0,40.0,30.0,1960.0,9.625,0.364,0.992,9.261,27915.0
85.0,5.0,40.0,35.0,1854.0,7.121,0.364,0.751,6.757,27915.0
85.0,5.0,50.0,5.0,4124.0,0.971,0.364,-0.348,0.607,27915.0
85.0,5.0,50.0,10.0,2950.0,9.235,0.364,0.119,8.871,27915.0
85.0,5.0,50.0,15.0,2470.0,9.757,0.364,0.461,9.393,27915.0
85.0,5.0,50.0,20.0,2202.0,7.746,0.364,0.493,7.382,27915.0
85.0,5.0,50.0,25.0,1968.0,11.839,0.364,1.29,11.475,27915.0
85.0,5.0,50.0,30.0,1868.0,6.459,0.364,0.633,6.095,27915.0
85.0,5.0,50.0,35.0,1780.0,3.804,0.364,0.277,3.44,27915.0
85.0,10.0,20.0,5.0,3242.0,3.218,0.364,-0.238,2.854,27915.0
85.0,10.0,20.0,10.0,2424.0,17.814,0.364,1.214,17.45,27915.0
85.0,10.0,20.0,15.0,2084.0,48.048,0.364,5.615,47.684,27915.0
85.0,10.0,20.0,20.0,1862.0,69.959,0.364,10.505,69.595,27915.0
85.0,10.0,20.0,25.0,1782.0,24.949,0.364,3.835,24.585,27915.0
85.0,10.0,20.0,30.0,1688.0,21.445,0.364,3.601,21.081,27915.0
85.0,10.0,20.0,35.0,1622.0,13.153,0.364,2.234,12.789,27915.0
85.0,10.0,30.0,5.0,2988.0,8.745,0.364,0.077,8.381,27915.0
85.0,10.0,30.0,10.0,2196.0,22.858,0.364,2.179,22.494,27915.0
85.0,10.0,30.0,15.0,1858.0,22.204,0.364,3.099,21.84,27915.0
85.0,10.0,30.0,20.0,1674.0,20.232,0.364,3.429,19.868,27915.0
85.0,10.0,30.0,25.0,1530.0,11.176,0.364,2.056,10.812,27915.0
85.0,10.0,30.0,30.0,1482.0,6.228,0.364,1.051,5.864,27915.0
85.0,10.0,30.0,35.0,1426.0,4.69,0.364,0.763,4.326,27915.0
85.0,10.0,40.0,5.0,2848.0,10.374,0.364,0.237,10.01,27915.0
85.0,10.0,40.0,10.0,2042.0,33.029,0.364,3.922,32.665,27915.0
85.0,10.0,40.0,15.0,1750.0,14.17,0.364,2.098,13.806,27915.0
85.0,10.0,40.0,20.0,1546.0,12.294,0.364,2.256,11.93,27915.0
85.0,10.0,40.0,25.0,1464.0,4.556,0.364,0.69,4.192,27915.0
85.0,10.0,40.0,30.0,1366.0,3.872,0.364,0.624,3.508,27915.0
85.0,10.0,40.0,35.0,1340.0,1.911,0.364,0.136,1.547,27915.0
85.0,10.0,50.0,5.0,2794.0,10.432,0.364,0.274,10.068,27915.0
85.0,10.0,50.0,10.0,1968.0,28.415,0.364,3.607,28.051,27915.0
85.0,10.0,50.0,15.0,1670.0,15.699,0.364,2.591,15.335,27915.0
85.0,10.0,50.0,20.0,1516.0,6.676,0.364,1.102,6.312,27915.0
85.0,10.0,50.0,25.0,1382.0,3.716,0.364,0.569,3.352,27915.0
85.0,10.0,50.0,30.0,1336.0,1.929,0.364,0.143,1.565,27915.0
85.0,10.0,50.0,35.0,1276.0,1.098,0.364,-0.058,0.734,27915.0
85.0,15.0,30.0,5.0,2448.0,27.045,0.364,1.974,26.681,27915.0
85.0,15.0,30.0,10.0,1828.0,27.033,0.364,3.981,26.669,27915.0
85.0,15.0,30.0,15.0,1518.0,21.246,0.364,4.292,20.882,27915.0
85.0,15.0,30.0,20.0,1398.0,6.978,0.364,1.36,6.614,27915.0
85.0,15.0,30.0,25.0,1332.0,3.716,0.364,0.617,3.352,27915.0
85.0,15.0,30.0,30.0,1254.0,2.476,0.364,0.343,2.112,27915.0
85.0,15.0,30.0,35.0,1204.0,1.123,0.364,-0.027,0.759,27915.0
85.0,15.0,40.0,5.0,2372.0,18.991,0.364,1.408,18.627,27915.0
85.0,15.0,40.0,10.0,1714.0,15.649,0.364,2.455,15.285,27915.0
85.0,15.0,40.0,15.0,1450.0,8.961,0.364,1.738,8.597,27915.0
85.0,15.0,40.0,20.0,1342.0,2.03,0.364,0.167,1.666,27915.0
85.0,15.0,40.0,25.0,1210.0,1.507,0.364,0.085,1.143,27915.0
85.0,15.0,40.0,30.0,1176.0,0.68,0.364,-0.154,0.316,27915.0
85.0,15.0,40.0,35.0,1126.0,1.059,0.364,-0.021,0.695,27915.0
85.0,15.0,50.0,5.0,2282.0,13.032,0.364,0.966,12.668,27915.0
85.0,15.0,50.0,10.0,1624.0,14.765,0.364,2.546,14.401,27915.0
85.0,15.0,50.0,15.0,1412.0,5.11,0.364,0.881,4.746,27915.0
85.0,15.0,50.0,20.0,1266.0,1.408,0.364,0.033,1.044,27915.0
85.0,15.0,50.0,25.0,1174.0,1.084,0.364,-0.029,0.72,27915.0
85.0,15.0,50.0,30.0,1108.0,1.367,0.364,0.088,1.003,27915.0
85.0,15.0,50.0,35.0,1048.0,1.694,0.364,0.23,1.33,27915.0
85.0,20.0,30.0,5.0,2212.0,39.163,0.364,3.924,38.799,27915.0
85.0,20.0,30.0,10.0,1606.0,23.861,0.364,4.425,23.497,27915.0
85.0,20.0,30.0,15.0,1388.0,7.086,0.364,1.405,6.722,27915.0
85.0,20.0,30.0,20.0,1298.0,1.98,0.364,0.177,1.616,27915.0
85.0,20.0,30.0,25.0,1188.0,1.393,0.364,0.061,1.029,27915.0
85.0,20.0,30.0,30.0,1134.0,0.624,0.364,-0.163,0.26,27915.0
85.0,20.0,30.0,35.0,1098.0,0.741,0.364,-0.117,0.377,27915.0
85.0,20.0,40.0,5.0,2104.0,15.923,0.364,1.578,15.559,27915.0
85.0,20.0,40.0,10.0,1500.0,10.197,0.364,1.911,9.833,27915.0
85.0,20.0,40.0,15.0,1324.0,2.167,0.364,0.213,1.803,27915.0
85.0,20.0,40.0,20.0,1182.0,1.043,0.364,-0.044,0.679,27915.0
85.0,20.0,40.0,25.0,1118.0,0.679,0.364,-0.142,0.315,27915.0
85.0,20.0,40.0,30.0,1044.0,1.194,0.364,0.056,0.83,27915.0
85.0,20.0,40.0,35.0,1000.0,1.352,0.364,0.133,0.988,27915.0
85.0,20.0,50.0,5.0,2040.0,7.533,0.364,0.615,7.169,27915.0
85.0,20.0,50.0,10.0,1478.0,6.024,0.364,1.01,5.66,27915.0
85.0,20.0,50.0,15.0,1246.0,1.499,0.364,0.067,1.135,27915.0
85.0,20.0,50.0,20.0,1144.0,0.923,0.364,-0.07,0.559,27915.0
85.0,20.0,50.0,25.0,1040.0,1.665,0.364,0.224,1.301,27915.0
85.0,20.0,50.0,30.0,986.0,1.511,0.364,0.2,1.147,27915.0
85.0,20.0,50.0,35.0,946.0,1.324,0.364,0.15,0.96,27915.0
85.0,25.0,40.0,5.0,1942.0,9.324,0.364,0.973,8.96,27915.0
85.0,25.0,40.0,10.0,1420.0,4.374,0.364,0.693,4.01,27915.0
85.0,25.0,40.0,15.0,1204.0,1.257,0.364,0.013,0.893,27915.0
85.0,25.0,40.0,20.0,1112.0,0.744,0.364,-0.119,0.38,27915.0
85.0,25.0,40.0,25.0,1022.0,1.207,0.364,0.071,0.843,27915.0
85.0,25.0,40.0,30.0,968.0,1.531,0.364,0.217,1.167,27915.0
85.0,25.0,40.0,35.0,928.0,1.089,0.364,0.066,0.725,27915.0
85.0,25.0,50.0,5.0,1818.0,8.242,0.364,0.974,7.878,27915.0
85.0,25.0,50.0,10.0,1340.0,3.348,0.364,0.513,2.984,27915.0
85.0,25.0,50.0,15.0,1176.0,0.785,0.364,-0.122,0.421,27915.0
85.0,25.0,50.0,20.0,1032.0,1.66,0.364,0.227,1.296,27915.0
85.0,25.0,50.0,25.0,968.0,1.459,0.364,0.19,1.095,27915.0
85.0,25.0,50.0,30.0,930.0,1.411,0.364,0.193,1.047,27915.0
85.0,25.0,50.0,35.0,882.0,1.343,0.364,0.192,0.979,27915.0
95.0,5.0,20.0,5.0,4092.0,0.902,0.363,-0.348,0.539,24979.0
95.0,5.0,20.0,10.0,3020.0,6.874,0.363,-0.028,6.511,24979.0
95.0,5.0,20.0,15.0,2664.0,11.988,0.363,0.472,11.625,24979.0
95.0,5.0,20.0,20.0,2448.0,16.214,0.363,1.039,15.851,24979.0
95.0,5.0,20.0,25.0,2230.0,29.474,0.363,2.806,29.111,24979.0
95.0,5.0,20.0,30.0,2148.0,27.206,0.363,2.812,26.843,24979.0
95.0,5.0,20.0,35.0,2094.0,13.4,0.363,1.288,13.037,24979.0
95.0,5.0,30.0,5.0,3782.0,2.557,0.363,-0.305,2.194,24979.0
95.0,5.0,30.0,10.0,2832.0,9.248,0.363,0.182,8.885,24979.0
95.0,5.0,30.0,15.0,2394.0,18.328,0.363,1.31,17.965,24979.0
95.0,5.0,30.0,20.0,2138.0,25.543,0.363,2.648,25.18,24979.0
95.0,5.0,30.0,25.0,2034.0,10.861,0.363,1.058,10.498,24979.0
95.0,5.0,30.0,30.0,1892.0,9.197,0.363,1.024,8.834,24979.0
95.0,5.0,30.0,35.0,1806.0,5.884,0.363,0.604,5.521,24979.0
95.0,5.0,40.0,5.0,3722.0,3.542,0.363,-0.277,3.179,24979.0
95.0,5.0,40.0,10.0,2744.0,5.443,0.363,-0.013,5.08,24979.0
95.0,5.0,40.0,15.0,2258.0,16.426,0.363,1.354,16.063,24979.0
95.0,5.0,40.0,20.0,2034.0,11.753,0.363,1.174,11.39,24979.0
95.0,5.0,40.0,25.0,1856.0,6.353,0.363,0.63,5.99,24979.0
95.0,5.0,40.0,30.0,1744.0,3.805,0.363,0.302,3.442,24979.0
95.0,5.0,40.0,35.0,1658.0,4.293,0.363,0.455,3.93,24979.0
95.0,5.0,50.0,5.0,3728.0,2.466,0.363,-0.304,2.103,24979.0
95.0,5.0,50.0,10.0,2654.0,7.942,0.363,0.196,7.579,24979.0
95.0,5.0,50.0,15.0,2174.0,13.886,0.363,1.216,13.523,24979.0
95.0,5.0,50.0,20.0,1928.0,8.763,0.363,0.911,8.4,24979.0
95.0,5.0,50.0,25.0,1776.0,3.515,0.363,0.232,3.152,24979.0
95.0,5.0,50.0,30.0,1668.0,3.043,0.363,0.211,2.68,24979.0
95.0,5.0,50.0,35.0,1638.0,1.547,0.363,-0.062,1.184,24979.0
95.0,10.0,20.0,5.0,2840.0,9.841,0.363,0.212,9.478,24979.0
95.0,10.0,20.0,10.0,2126.0,35.504,0.363,3.873,35.141,24979.0
95.0,10.0,20.0,15.0,1832.0,59.351,0.363,9.139,58.988,24979.0
95.0,10.0,20.0,20.0,1670.0,25.879,0.363,4.509,25.516,24979.0
95.0,10.0,20.0,25.0,1558.0,15.242,0.363,2.846,14.879,24979.0
95.0,10.0,20.0,30.0,1478.0,8.921,0.363,1.672,8.558,24979.0
95.0,10.0,20.0,35.0,1450.0,5.557,0.363,0.941,5.194,24979.0
95.0,10.0,30.0,5.0,2634.0,15.201,0.363,0.728,14.838,24979.0
95.0,10.0,30.0,10.0,1912.0,48.959,0.363,6.872,48.596,24979.0
95.0,10.0,30.0,15.0,1658.0,16.719,0.363,2.822,16.356,24979.0
95.0,10.0,30.0,20.0,1466.0,8.492,0.363,1.597,8.129,24979.0
95.0,10.0,30.0,25.0,1412.0,3.14,0.363,0.402,2.777,24979.0
95.0,10.0,30.0,30.0,1316.0,2.671,0.363,0.353,2.308,24979.0
95.0,10.0,30.0,35.0,1276.0,1.86,0.363,0.156,1.497,24979.0
95.0,10.0,40.0,5.0,2566.0,9.486,0.363,0.366,9.123,24979.0
95.0,10.0,40.0,10.0,1832.0,27.922,0.363,4.107,27.559,24979.0
95.0,10.0,40.0,15.0,1528.0,11.653,0.363,2.165,11.29,24979.0
95.0,10.0,40.0,20.0,1402.0,1.984,0.363,0.125,1.621,24979.0
95.0,10.0,40.0,25.0,1300.0,1.822,0.363,0.133,1.459,24979.0
95.0,10.0,40.0,30.0,1240.0,1.584,0.363,0.095,1.221,24979.0
95.0,10.0,40.0,35.0,1200.0,1.381,0.363,0.053,1.018,24979.0
95.0,10.0,50.0,5.0,2498.0,9.531,0.363,0.421,9.168,24979.0
95.0,10.0,50.0,10.0,1750.0,19.17,0.363,2.968,18.807,24979.0
95.0,10.0,50.0,15.0,1502.0,4.17,0.363,0.566,3.807,24979.0
95.0,10.0,50.0,20.0,1336.0,2.38,0.363,0.263,2.017,24979.0
95.0,10.0,50.0,25.0,1242.0,1.648,0.363,0.113,1.285,24979.0
95.0,10.0,50.0,30.0,1206.0,1.463,0.363,0.075,1.1,24979.0
95.0,10.0,50.0,35.0,1160.0,1.408,0.363,0.078,1.045,24979.0
95.0,15.0,30.0,5.0,2162.0,37.951,0.363,4.005,37.588,24979.0
95.0,15.0,30.0,10.0,1612.0,15.987,0.363,2.826,15.624,24979.0
95.0,15.0,30.0,15.0,1368.0,4.78,0.363,0.854,4.417,24979.0
95.0,15.0,30.0,20.0,1272.0,2.236,0.363,0.264,1.873,24979.0
95.0,15.0,30.0,25.0,1176.0,1.456,0.363,0.086,1.093,24979.0
95.0,15.0,30.0,30.0,1132.0,1.282,0.363,0.05,0.919,24979.0
95.0,15.0,30.0,35.0,1062.0,1.478,0.363,0.148,1.115,24979.0
95.0,15.0,40.0,5.0,2078.0,22.078,0.363,2.401,21.715,24979.0
95.0,15.0,40.0,10.0,1514.0,9.744,0.363,1.781,9.381,24979.0
95.0,15.0,40.0,15.0,1302.0,2.599,0.363,0.344,2.236,24979.0
95.0,15.0,40.0,20.0,1170.0,1.632,0.363,0.144,1.269,24979.0
95.0,15.0,40.0,25.0,1116.0,1.288,0.363,0.059,0.925,24979.0
95.0,15.0,40.0,30.0,1048.0,0.96,0.363,-0.026,0.597,24979.0
95.0,15.0,40.0,35.0,1004.0,1.085,0.363,0.035,0.722,24979.0
95.0,15.0,50.0,5.0,2014.0,14.619,0.363,1.588,14.256,24979.0
95.0,15.0,50.0,10.0,1482.0,4.248,0.363,0.602,3.885,24979.0
95.0,15.0,50.0,15.0,1254.0,2.271,0.363,0.285,1.908,24979.0
95.0,15.0,50.0,20.0,1136.0,1.134,0.363,0.001,0.771,24979.0
95.0,15.0,50.0,25.0,1044.0,1.042,0.363,0.004,0.679,24979.0
95.0,15.0,50.0,30.0,1002.0,0.925,0.363,-0.024,0.562,24979.0
95.0,15.0,50.0,35.0,958.0,1.259,0.363,0.12,0.896,24979.0
95.0,20.0,30.0,5.0,1958.0,27.402,0.363,3.504,27.039,24979.0
95.0,20.0,30.0,10.0,1434.0,8.696,0.363,1.71,8.333,24979.0
95.0,20.0,30.0,15.0,1272.0,1.977,0.363,0.191,1.614,24979.0
95.0,20.0,30.0,20.0,1140.0,0.859,0.363,-0.088,0.496,24979.0
95.0,20.0,30.0,25.0,1062.0,0.713,0.363,-0.117,0.35,24979.0
95.0,20.0,30.0,30.0,1012.0,0.82,0.363,-0.065,0.457,24979.0
95.0,20.0,30.0,35.0,974.0,1.08,0.363,0.045,0.717,24979.0
95.0,20.0,40.0,5.0,1850.0,14.764,0.363,1.958,14.401,24979.0
95.0,20.0,40.0,10.0,1360.0,2.591,0.363,0.302,2.228,24979.0
95.0,20.0,40.0,15.0,1168.0,1.449,0.363,0.088,1.086,24979.0
95.0,20.0,40.0,20.0,1042.0,1.292,0.363,0.093,0.929,24979.0
95.0,20.0,40.0,25.0,984.0,1.113,0.363,0.053,0.75,24979.0
95.0,20.0,40.0,30.0,960.0,0.686,0.363,-0.1,0.323,24979.0
95.0,20.0,40.0,35.0,900.0,1.212,0.363,0.13,0.849,24979.0
95.0,20.0,50.0,5.0,1770.0,9.128,0.363,1.192,8.765,24979.0
95.0,20.0,50.0,10.0,1314.0,2.024,0.363,0.181,1.661,24979.0
95.0,20.0,50.0,15.0,1138.0,1.243,0.363,0.035,0.88,24979.0
95.0,20.0,50.0,20.0,1018.0,1.134,0.363,0.047,0.771,24979.0
95.0,20.0,50.0,25.0,950.0,0.87,0.363,-0.027,0.507,24979.0
95.0,20.0,50.0,30.0,916.0,1.205,0.363,0.119,0.842,24979.0
95.0,20.0,50.0,35.0,858.0,1.292,0.363,0.185,0.929,24979.0
95.0,25.0,40.0,5.0,1710.0,5.743,0.363,0.676,5.38,24979.0
95.0,25.0,40.0,10.0,1254.0,1.571,0.363,0.085,1.208,24979.0
95.0,25.0,40.0,15.0,1084.0,1.219,0.363,0.049,0.856,24979.0
95.0,25.0,40.0,20.0,984.0,1.11,0.363,0.052,0.747,24979.0
95.0,25.0,40.0,25.0,938.0,0.672,0.363,-0.1,0.309,24979.0
95.0,25.0,40.0,30.0,884.0,0.935,0.363,0.023,0.572,24979.0
95.0,25.0,40.0,35.0,844.0,1.298,0.363,0.195,0.935,24979.0
95.0,25.0,50.0,5.0,1634.0,3.814,0.363,0.381,3.451,24979.0
95.0,25.0,50.0,10.0,1214.0,1.466,0.363,0.072,1.103,24979.0
95.0,25.0,50.0,15.0,1032.0,1.216,0.363,0.07,0.853,24979.0
95.0,25.0,50.0,20.0,954.0,0.87,0.363,-0.028,0.507,24979.0
95.0,25.0,50.0,25.0,884.0,1.159,0.363,0.116,0.796,24979.0
95.0,25.0,50.0,30.0,834.0,1.247,0.363,0.178,0.884,24979.0
95.0,25.0,50.0,35.0,792.0,1.252,0.363,0.204,0.889,24979.0
105.0,5.0,20.0,5.0,3644.0,2.199,0.364,-0.307,1.835,22599.0
105.0,5.0,20.0,10.0,2718.0,9.667,0.364,0.274,9.303,22599.0
105.0,5.0,20.0,15.0,2406.0,17.145,0.364,1.182,16.781,22599.0
105.0,5.0,20.0,20.0,2158.0,12.081,0.364,1.032,11.717,22599.0
105.0,5.0,20.0,25.0,2030.0,12.675,0.364,1.301,12.311,22599.0
105.0,5.0,20.0,30.0,1976.0,7.07,0.364,0.616,6.706,22599.0
105.0,5.0,20.0,35.0,1912.0,6.45,0.364,0.589,6.086,22599.0
105.0,5.0,30.0,5.0,3418.0,3.718,0.364,-0.242,3.354,22599.0
105.0,5.0,30.0,10.0,2522.0,13.501,0.364,0.72,13.137,22599.0
105.0,5.0,30.0,15.0,2126.0,12.71,0.364,1.152,12.346,22599.0
105.0,5.0,30.0,20.0,1940.0,6.702,0.364,0.599,6.338,22599.0
105.0,5.0,30.0,25.0,1818.0,5.003,0.364,0.448,4.639,22599.0
105.0,5.0,30.0,30.0,1712.0,3.996,0.364,0.357,3.632,22599.0
105.0,5.0,30.0,35.0,1690.0,2.353,0.364,0.07,1.989,22599.0
105.0,5.0,40.0,5.0,3308.0,3.171,0.364,-0.248,2.807,22599.0
105.0,5.0,40.0,10.0,2426.0,6.944,0.364,0.25,6.58,22599.0
105.0,5.0,40.0,15.0,2012.0,10.067,0.364,0.982,9.703,22599.0
105.0,5.0,40.0,20.0,1814.0,5.419,0.364,0.519,5.055,22599.0
105.0,5.0,40.0,25.0,1712.0,2.905,0.364,0.16,2.541,22599.0
105.0,5.0,40.0,30.0,1622.0,1.562,0.364,-0.055,1.198,22599.0
105.0,5.0,40.0,35.0,1580.0,1.415,0.364,-0.073,1.051,22599.0
105.0,5.0,50.0,5.0,3244.0,5.36,0.364,-0.155,4.996,22599.0
105.0,5.0,50.0,10.0,2348.0,7.924,0.364,0.393,7.56,22599.0
105.0,5.0,50.0,15.0,1934.0,5.644,0.364,0.452,5.28,22599.0
105.0,5.0,50.0,20.0,1780.0,3.952,0.364,0.302,3.588,22599.0
105.0,5.0,50.0,25.0,1620.0,1.685,0.364,-0.031,1.321,22599.0
105.0,5.0,50.0,30.0,1582.0,1.255,0.364,-0.106,0.891,22599.0
105.0,5.0,50.0,35.0,1532.0,0.833,0.364,-0.184,0.469,22599.0
105.0,10.0,20.0,5.0,2566.0,14.658,0.364,0.762,14.294,22599.0
105.0,10.0,20.0,10.0,1956.0,22.458,0.364,2.812,22.094,22599.0
105.0,10.0,20.0,15.0,1678.0,24.364,0.364,4.186,24.0,22599.0
105.0,10.0,20.0,20.0,1504.0,17.733,0.364,3.577,17.369,22599.0
105.0,10.0,20.0,25.0,1434.0,5.031,0.364,0.835,4.667,22599.0
105.0,10.0,20.0,30.0,1380.0,1.983,0.364,0.135,1.619,22599.0
105.0,10.0,20.0,35.0,1340.0,1.521,0.364,0.034,1.157,22599.0
105.0,10.0,30.0,5.0,2388.0,19.774,0.364,1.452,19.41,22599.0
105.0,10.0,30.0,10.0,1746.0,23.567,0.364,3.748,23.203,22599.0
105.0,10.0,30.0,15.0,1488.0,11.161,0.364,2.156,10.797,22599.0
105.0,10.0,30.0,20.0,1372.0,1.875,0.364,0.112,1.511,22599.0
105.0,10.0,30.0,25.0,1294.0,0.954,0.364,-0.103,0.59,22599.0
105.0,10.0,30.0,30.0,1222.0,1.199,0.364,-0.011,0.835,22599.0
105.0,10.0,30.0,35.0,1184.0,0.986,0.364,-0.062,0.622,22599.0
105.0,10.0,40.0,5.0,2280.0,8.548,0.364,0.51,8.184,22599.0
105.0,10.0,40.0,10.0,1618.0,13.716,0.364,2.356,13.352,22599.0
105.0,10.0,40.0,15.0,1430.0,2.302,0.364,0.187,1.938,22599.0
105.0,10.0,40.0,20.0,1288.0,0.856,0.364,-0.128,0.492,22599.0
105.0,10.0,40.0,25.0,1194.0,0.962,0.364,-0.073,0.598,22599.0
105.0,10.0,40.0,30.0,1136.0,1.174,0.364,0.013,0.81,22599.0
105.0,10.0,40.0,35.0,1098.0,1.691,0.364,0.2,1.327,22599.0
105.0,10.0,50.0,5.0,2204.0,9.769,0.364,0.714,9.405,22599.0
105.0,10.0,50.0,10.0,1598.0,6.388,0.364,0.928,6.024,22599.0
105.0,10.0,50.0,15.0,1368.0,1.383,0.364,-0.012,1.019,22599.0
105.0,10.0,50.0,20.0,1246.0,1.245,0.364,-0.006,0.881,22599.0
105.0,10.0,50.0,25.0,1144.0,1.136,0.364,-0.002,0.772,22599.0
105.0,10.0,50.0,30.0,1088.0,1.492,0.364,0.139,1.128,22599.0
105.0,10.0,50.0,35.0,1042.0,1.583,0.364,0.194,1.219,22599.0
105.0,15.0,30.0,5.0,1956.0,16.421,0.364,1.958,16.057,22599.0
105.0,15.0,30.0,10.0,1468.0,6.462,0.364,1.125,6.098,22599.0
105.0,15.0,30.0,15.0,1280.0,1.458,0.364,0.041,1.094,22599.0
105.0,15.0,30.0,20.0,1144.0,1.756,0.364,0.196,1.392,22599.0
105.0,15.0,30.0,25.0,1086.0,0.904,0.364,-0.059,0.54,22599.0
105.0,15.0,30.0,30.0,1008.0,1.074,0.364,0.028,0.71,22599.0
105.0,15.0,30.0,35.0,1000.0,1.134,0.364,0.053,0.77,22599.0
105.0,15.0,40.0,5.0,1870.0,8.673,0.364,0.973,8.309,22599.0
105.0,15.0,40.0,10.0,1404.0,2.047,0.364,0.139,1.683,22599.0
105.0,15.0,40.0,15.0,1200.0,1.357,0.364,0.045,0.993,22599.0
105.0,15.0,40.0,20.0,1084.0,1.0,0.364,-0.026,0.636,22599.0
105.0,15.0,40.0,25.0,1006.0,1.307,0.364,0.114,0.943,22599.0
105.0,15.0,40.0,30.0,964.0,1.574,0.364,0.236,1.21,22599.0
105.0,15.0,40.0,35.0,924.0,1.294,0.364,0.15,0.93,22599.0
105.0,15.0,50.0,5.0,1788.0,5.591,0.364,0.571,5.227,22599.0
105.0,15.0,50.0,10.0,1348.0,1.502,0.364,0.026,1.138,22599.0
105.0,15.0,50.0,15.0,1160.0,0.925,0.364,-0.074,0.561,22599.0
105.0,15.0,50.0,20.0,1038.0,1.252,0.364,0.079,0.888,22599.0
105.0,15.0,50.0,25.0,982.0,1.701,0.364,0.273,1.337,22599.0
105.0,15.0,50.0,30.0,922.0,1.232,0.364,0.126,0.868,22599.0
105.0,15.0,50.0,35.0,876.0,1.93,0.364,0.44,1.566,22599.0
105.0,20.0,30.0,5.0,1784.0,6.817,0.364,0.781,6.453,22599.0
105.0,20.0,30.0,10.0,1330.0,1.911,0.364,0.141,1.547,22599.0
105.0,20.0,30.0,15.0,1136.0,1.85,0.364,0.23,1.486,22599.0
105.0,20.0,30.0,20.0,1056.0,1.047,0.364,0.0,0.683,22599.0
105.0,20.0,30.0,25.0,982.0,0.809,0.364,-0.061,0.445,22599.0
105.0,20.0,30.0,30.0,952.0,1.21,0.364,0.103,0.846,22599.0
105.0,20.0,30.0,35.0,912.0,1.045,0.364,0.056,0.681,22599.0
105.0,20.0,40.0,5.0,1648.0,6.818,0.364,0.948,6.454,22599.0
105.0,20.0,40.0,10.0,1254.0,1.06,0.364,-0.061,0.696,22599.0
105.0,20.0,40.0,15.0,1074.0,1.158,0.364,0.032,0.794,22599.0
105.0,20.0,40.0,20.0,986.0,1.129,0.364,0.057,0.765,22599.0
105.0,20.0,40.0,25.0,908.0,1.106,0.364,0.082,0.742,22599.0
105.0,20.0,40.0,30.0,870.0,1.315,0.364,0.187,0.951,22599.0
105.0,20.0,40.0,35.0,818.0,1.879,0.364,0.465,1.515,22599.0
105.0,20.0,50.0,5.0,1618.0,2.833,0.364,0.198,2.469,22599.0
105.0,20.0,50.0,10.0,1204.0,1.447,0.364,0.07,1.083,22599.0
105.0,20.0,50.0,15.0,1030.0,1.262,0.364,0.087,0.898,22599.0
105.0,20.0,50.0,20.0,934.0,1.494,0.364,0.223,1.13,22599.0
105.0,20.0,50.0,25.0,860.0,1.548,0.364,0.291,1.184,22599.0
105.0,20.0,50.0,30.0,808.0,1.601,0.364,0.35,1.237,22599.0
105.0,20.0,50.0,35.0,810.0,1.667,0.364,0.377,1.303,22599.0
105.0,25.0,40.0,5.0,1578.0,2.042,0.364,0.058,1.678,22599.0
105.0,25.0,40.0,10.0,1168.0,0.877,0.364,-0.091,0.513,22599.0
105.0,25.0,40.0,15.0,1000.0,1.28,0.364,0.107,0.916,22599.0
105.0,25.0,40.0,20.0,910.0,1.056,0.364,0.061,0.692,22599.0
105.0,25.0,40.0,25.0,844.0,1.494,0.364,0.278,1.13,22599.0
105.0,25.0,40.0,30.0,794.0,1.554,0.364,0.339,1.19,22599.0
105.0,25.0,40.0,35.0,766.0,1.896,0.364,0.518,1.532,22599.0
105.0,25.0,50.0,5.0,1504.0,1.045,0.364,-0.132,0.681,22599.0
105.0,25.0,50.0,10.0,1108.0,1.321,0.364,0.072,0.957,22599.0
105.0,25.0,50.0,15.0,964.0,1.734,0.364,0.297,1.37,22599.0
105.0,25.0,50.0,20.0,860.0,1.616,0.364,0.32,1.252,22599.0
105.0,25.0,50.0,25.0,792.0,1.944,0.364,0.516,1.58,22599.0
105.0,25.0,50.0,30.0,758.0,2.422,0.364,0.771,2.058,22599.0
105.0,25.0,50.0,35.0,718.0,3.529,0.364,1.357,3.165,22599.0
115.0,5.0,20.0,5.0,3306.0,3.149,0.361,-0.246,2.788,20635.0
115.0,5.0,20.0,10.0,2464.0,22.627,0.361,1.564,22.266,20635.0
115.0,5.0,20.0,15.0,2122.0,29.384,0.361,3.159,29.023,20635.0
115.0,5.0,20.0,20.0,1944.0,18.484,0.361,2.285,18.123,20635.0
115.0,5.0,20.0,25.0,1844.0,9.12,0.361,1.082,8.759,20635.0
115.0,5.0,20.0,30.0,1736.0,6.538,0.361,0.791,6.177,20635.0
115.0,5.0,20.0,35.0,1684.0,3.707,0.361,0.327,3.346,20635.0
115.0,5.0,30.0,5.0,3102.0,4.026,0.361,-0.18,3.665,20635.0
115.0,5.0,30.0,10.0,2300.0,15.811,0.361,1.224,15.45,20635.0
115.0,5.0,30.0,15.0,1936.0,10.659,0.361,1.177,10.298,20635.0
115.0,5.0,30.0,20.0,1714.0,6.269,0.361,0.768,5.908,20635.0
115.0,5.0,30.0,25.0,1644.0,2.867,0.361,0.193,2.506,20635.0
115.0,5.0,30.0,30.0,1604.0,1.609,0.361,-0.037,1.248,20635.0
115.0,5.0,30.0,35.0,1546.0,1.383,0.361,-0.066,1.022,20635.0
115.0,5.0,40.0,5.0,3052.0,2.064,0.361,-0.263,1.703,20635.0
115.0,5.0,40.0,10.0,2218.0,8.474,0.361,0.561,8.113,20635.0
115.0,5.0,40.0,15.0,1840.0,6.009,0.361,0.593,5.648,20635.0
115.0,5.0,40.0,20.0,1656.0,2.529,0.361,0.122,2.168,20635.0
115.0,5.0,40.0,25.0,1580.0,1.251,0.361,-0.103,0.89,20635.0
115.0,5.0,40.0,30.0,1530.0,0.69,0.361,-0.212,0.329,20635.0
115.0,5.0,40.0,35.0,1462.0,0.567,0.361,-0.23,0.206,20635.0
115.0,5.0,50.0,5.0,3026.0,1.972,0.361,-0.265,1.611,20635.0
115.0,5.0,50.0,10.0,2168.0,4.301,0.361,0.131,3.94,20635.0
115.0,5.0,50.0,15.0,1784.0,2.749,0.361,0.101,2.388,20635.0
115.0,5.0,50.0,20.0,1612.0,1.662,0.361,-0.029,1.301,20635.0
115.0,5.0,50.0,25.0,1552.0,0.746,0.361,-0.203,0.385,20635.0
115.0,5.0,50.0,30.0,1444.0,0.638,0.361,-0.21,0.277,20635.0
115.0,5.0,50.0,35.0,1368.0,1.089,0.361,-0.084,0.728,20635.0
115.0,10.0,20.0,5.0,2328.0,34.736,0.361,3.025,34.375,20635.0
115.0,10.0,20.0,10.0,1718.0,43.492,0.361,7.443,43.131,20635.0
115.0,10.0,20.0,15.0,1506.0,13.728,0.361,2.684,13.367,20635.0
115.0,10.0,20.0,20.0,1394.0,3.104,0.361,0.409,2.743,20635.0
115.0,10.0,20.0,25.0,1342.0,1.198,0.361,-0.048,0.837,20635.0
115.0,10.0,20.0,30.0,1310.0,0.954,0.361,-0.104,0.593,20635.0
115.0,10.0,20.0,35.0,1242.0,1.134,0.361,-0.033,0.773,20635.0
115.0,10.0,30.0,5.0,2112.0,30.898,0.361,3.378,30.537,20635.0
115.0,10.0,30.0,10.0,1562.0,14.945,0.361,2.773,14.584,20635.0
115.0,10.0,30.0,15.0,1370.0,2.703,0.361,0.326,2.342,20635.0
115.0,10.0,30.0,20.0,1308.0,0.833,0.361,-0.136,0.472,20635.0
115.0,10.0,30.0,25.0,1186.0,0.957,0.361,-0.069,0.596,20635.0
115.0,10.0,30.0,30.0,1126.0,0.797,0.361,-0.103,0.436,20635.0
115.0,10.0,30.0,35.0,1080.0,0.946,0.361,-0.04,0.585,20635.0
115.0,10.0,40.0,5.0,2064.0,10.554,0.361,0.979,10.193,20635.0
115.0,10.0,40.0,10.0,1488.0,8.451,0.361,1.547,8.09,20635.0
115.0,10.0,40.0,15.0,1304.0,1.284,0.361,-0.012,0.923,20635.0
115.0,10.0,40.0,20.0,1198.0,0.757,0.361,-0.132,0.396,20635.0
115.0,10.0,40.0,25.0,1110.0,0.75,0.361,-0.114,0.389,20635.0
115.0,10.0,40.0,30.0,1058.0,0.896,0.361,-0.05,0.535,20635.0
115.0,10.0,40.0,35.0,1016.0,1.011,0.361,0.005,0.65,20635.0
115.0,10.0,50.0,5.0,2058.0,6.741,0.361,0.5,6.38,20635.0
115.0,10.0,50.0,10.0,1478.0,2.258,0.361,0.154,1.897,20635.0
115.0,10.0,50.0,15.0,1274.0,0.775,0.361,-0.144,0.414,20635.0
115.0,10.0,50.0,20.0,1156.0,0.637,0.361,-0.16,0.276,20635.0
115.0,10.0,50.0,25.0,1076.0,0.797,0.361,-0.089,0.436,20635.0
115.0,10.0,50.0,30.0,1010.0,1.34,0.361,0.127,0.979,20635.0
115.0,10.0,50.0,35.0,962.0,1.222,0.361,0.106,0.861,20635.0
115.0,15.0,30.0,5.0,1764.0,14.517,0.361,2.127,14.156,20635.0
115.0,15.0,30.0,10.0,1358.0,2.325,0.361,0.237,1.964,20635.0
115.0,15.0,30.0,15.0,1170.0,0.921,0.361,-0.075,0.56,20635.0
115.0,15.0,30.0,20.0,1086.0,0.645,0.361,-0.143,0.284,20635.0
115.0,15.0,30.0,25.0,996.0,0.781,0.361,-0.073,0.42,20635.0
115.0,15.0,30.0,30.0,970.0,0.631,0.361,-0.122,0.27,20635.0
115.0,15.0,30.0,35.0,952.0,0.786,0.361,-0.058,0.425,20635.0
115.0,15.0,40.0,5.0,1700.0,6.878,0.361,0.896,6.517,20635.0
115.0,15.0,40.0,10.0,1286.0,1.211,0.361,-0.026,0.85,20635.0
115.0,15.0,40.0,15.0,1112.0,0.92,0.361,-0.058,0.559,20635.0
115.0,15.0,40.0,20.0,1000.0,0.754,0.361,-0.084,0.393,20635.0
115.0,15.0,40.0,25.0,966.0,0.681,0.361,-0.102,0.32,20635.0
115.0,15.0,40.0,30.0,890.0,1.341,0.361,0.189,0.98,20635.0
115.0,15.0,40.0,35.0,852.0,0.958,0.361,0.047,0.597,20635.0
115.0,15.0,50.0,5.0,1650.0,2.549,0.361,0.129,2.188,20635.0
115.0,15.0,50.0,10.0,1250.0,0.878,0.361,-0.109,0.517,20635.0
115.0,15.0,50.0,15.0,1078.0,1.005,0.361,-0.019,0.644,20635.0
115.0,15.0,50.0,20.0,984.0,0.789,0.361,-0.066,0.428,20635.0
115.0,15.0,50.0,25.0,890.0,1.233,0.361,0.145,0.872,20635.0
115.0,15.0,50.0,30.0,842.0,1.019,0.361,0.078,0.658,20635.0
115.0,15.0,50.0,35.0,818.0,1.327,0.361,0.225,0.966,20635.0
115.0,20.0,30.0,5.0,1590.0,5.775,0.361,0.817,5.414,20635.0
115.0,20.0,30.0,10.0,1254.0,1.017,0.361,-0.071,0.656,20635.0
115.0,20.0,30.0,15.0,1084.0,0.676,0.361,-0.132,0.315,20635.0
115.0,20.0,30.0,20.0,972.0,0.47,0.361,-0.183,0.109,20635.0
115.0,20.0,30.0,25.0,926.0,0.718,0.361,-0.076,0.357,20635.0
115.0,20.0,30.0,30.0,886.0,0.82,0.361,-0.023,0.459,20635.0
115.0,20.0,30.0,35.0,816.0,0.867,0.361,0.022,0.506,20635.0
115.0,20.0,40.0,5.0,1520.0,2.216,0.361,0.124,1.855,20635.0
115.0,20.0,40.0,10.0,1168.0,0.763,0.361,-0.124,0.402,20635.0
115.0,20.0,40.0,15.0,996.0,0.702,0.361,-0.102,0.341,20635.0
115.0,20.0,40.0,20.0,944.0,0.648,0.361,-0.109,0.287,20635.0
115.0,20.0,40.0,25.0,832.0,1.259,0.361,0.187,0.898,20635.0
115.0,20.0,40.0,30.0,796.0,0.939,0.361,0.063,0.578,20635.0
115.0,20.0,40.0,35.0,756.0,1.523,0.361,0.354,1.162,20635.0
115.0,20.0,50.0,5.0,1492.0,1.332,0.361,-0.061,0.971,20635.0
115.0,20.0,50.0,10.0,1132.0,0.7,0.361,-0.135,0.339,20635.0
115.0,20.0,50.0,15.0,972.0,0.85,0.361,-0.04,0.489,20635.0
115.0,20.0,50.0,20.0,854.0,1.194,0.361,0.147,0.833,20635.0
115.0,20.0,50.0,25.0,810.0,0.878,0.361,0.03,0.517,20635.0
115.0,20.0,50.0,30.0,748.0,2.422,0.361,0.785,2.061,20635.0
115.0,20.0,50.0,35.0,714.0,3.622,0.361,1.412,3.261,20635.0
115.0,25.0,40.0,5.0,1434.0,1.533,0.361,0.005,1.172,20635.0
115.0,25.0,40.0,10.0,1076.0,0.973,0.361,-0.029,0.612,20635.0
115.0,25.0,40.0,15.0,960.0,0.622,0.361,-0.123,0.261,20635.0
115.0,25.0,40.0,20.0,824.0,1.265,0.361,0.194,0.904,20635.0
115.0,25.0,40.0,25.0,776.0,0.851,0.361,0.031,0.49,20635.0
115.0,25.0,40.0,30.0,720.0,2.403,0.361,0.808,2.042,20635.0
115.0,25.0,40.0,35.0,702.0,2.015,0.361,0.637,1.654,20635.0
115.0,25.0,50.0,5.0,1414.0,0.719,0.361,-0.186,0.358,20635.0
115.0,25.0,50.0,10.0,1034.0,0.996,0.361,-0.007,0.635,20635.0
115.0,25.0,50.0,15.0,884.0,1.423,0.361,0.227,1.062,20635.0
115.0,25.0,50.0,20.0,810.0,0.747,0.361,-0.029,0.386,20635.0
115.0,25.0,50.0,25.0,728.0,2.824,0.361,1.003,2.463,20635.0
115.0,25.0,50.0,30.0,706.0,2.21,0.361,0.73,1.849,20635.0
115.0,25.0,50.0,35.0,656.0,3.213,0.361,1.306,2.852,20635.0
